; ; -22; -21; -20; -19; -18; -17; -16; -15; -14; -13; -12; -11; -10; -9; -8; -7; -6; -5; -4; -3; -2; -1; 0; 1; 2; 3; 4; 5; 6; 7; 8; 9; 10; 11; 12; 13; 14; 15; 16; 17; 18; 19; 20; 21; 22; 23
1971; 1; 0; 0; 0; 0; 0; 0; 0; 0; 0; 0; 0; 0; 0; 0; 0,00055; 0,17; 0,32; 0,55; 0,8; 0,88; 0,93; 0,96; 0,99; 1; 1; 1; 1; 1; 1; 1; 1; 1; 1; 1; 1; 1; 1; 1; 1; 1; 1; 1; 1; 1; 1; 1; 
1971; 2; 0; 0; 0; 0; 0; 0; 0; 0; 0; 0; 0,01; 0,032; 0,068; 0,14; 0,22; 0,33; 0,45; 0,62; 0,79; 0,94; 0,98; 1; 1; 1; 1; 1; 1; 1; 1; 1; 1; 1; 1; 1; 1; 1; 1; 1; 1; 1; 1; 1; 1; 1; 1; 1; 
1971; 3; 0; 0; 0; 0; 0; 0; 0; 0; 0; 0; 0; 0; 0; 0; 0,00082; 0,0044; 0,043; 0,2; 0,58; 0,79; 0,9; 0,95; 0,99; 1; 1; 1; 1; 1; 1; 1; 1; 1; 1; 1; 1; 1; 1; 1; 1; 1; 1; 1; 1; 1; 1; 1; 
1971; 4; 0; 0; 0; 0; 0; 0; 0; 0; 0; 0; 0; 0; 0; 0; 0; 0; 0; 0; 0; 0; 0; 0,0011; 0,0049; 0,058; 0,3; 0,71; 0,91; 0,97; 1; 1; 1; 1; 1; 1; 1; 1; 1; 1; 1; 1; 1; 1; 1; 1; 1; 1; 
1971; 5; 0; 0; 0; 0; 0; 0; 0; 0; 0; 0; 0; 0; 0; 0; 0; 0; 0; 0; 0; 0; 0; 0; 0; 0; 0; 0; 0; 0; 0,0012; 0,0043; 0,013; 0,052; 0,25; 0,84; 0,96; 0,99; 1; 1; 1; 1; 1; 1; 1; 1; 1; 1; 
1971; 6; 0; 0; 0; 0; 0; 0; 0; 0; 0; 0; 0; 0; 0; 0; 0; 0; 0; 0; 0; 0; 0; 0; 0; 0; 0; 0; 0; 0; 0,00069; 0,0038; 0,01; 0,02; 0,028; 0,048; 0,29; 0,57; 0,84; 0,96; 1; 1; 1; 1; 1; 1; 1; 1; 
1971; 7; 0; 0; 0; 0; 0; 0; 0; 0; 0; 0; 0; 0; 0; 0; 0; 0; 0; 0; 0; 0; 0; 0; 0; 0; 0; 0; 0; 0; 0; 0; 0,0014; 0,0049; 0,015; 0,026; 0,064; 0,27; 0,43; 0,55; 0,69; 0,86; 0,96; 0,99; 1; 1; 1; 1; 
1971; 8; 0; 0; 0; 0; 0; 0; 0; 0; 0; 0; 0; 0; 0; 0; 0; 0; 0; 0; 0; 0; 0; 0; 0; 0; 0; 0; 0; 0; 0; 0; 0; 0,00096; 0,0047; 0,015; 0,03; 0,27; 0,49; 0,66; 0,81; 0,92; 0,98; 1; 1; 1; 1; 1; 
1971; 9; 0; 0; 0; 0; 0; 0; 0; 0; 0; 0; 0; 0; 0; 0; 0; 0; 0; 0; 0; 0; 0; 0; 0; 0; 0; 0; 0,004; 0,012; 0,023; 0,065; 0,32; 0,51; 0,63; 0,78; 0,88; 0,95; 0,98; 1; 1; 1; 1; 1; 1; 1; 1; 1; 
1971; 10; 0; 0; 0; 0; 0; 0; 0; 0; 0; 0; 0; 0; 0; 0; 0; 0; 0; 0; 0; 0; 0; 0,00082; 0,0037; 0,01; 0,045; 0,19; 0,77; 0,97; 1; 1; 1; 1; 1; 1; 1; 1; 1; 1; 1; 1; 1; 1; 1; 1; 1; 1; 
1971; 11; 0; 0; 0; 0; 0; 0; 0; 0; 0; 0; 0; 0; 0; 0; 0; 0; 0; 0; 0,00069; 0,0044; 0,013; 0,12; 0,42; 0,6; 0,76; 0,93; 0,98; 1; 1; 1; 1; 1; 1; 1; 1; 1; 1; 1; 1; 1; 1; 1; 1; 1; 1; 1; 
1971; 12; 0; 0; 0; 0; 0; 0; 0; 0; 0; 0; 0; 0; 0; 0; 0; 0; 0,0012; 0,019; 0,083; 0,21; 0,35; 0,56; 0,92; 1; 1; 1; 1; 1; 1; 1; 1; 1; 1; 1; 1; 1; 1; 1; 1; 1; 1; 1; 1; 1; 1; 1; 
1972; 1; 0; 0; 0; 0,027; 0,073; 0,14; 0,24; 0,43; 0,6; 0,7; 0,79; 0,85; 0,91; 0,95; 0,97; 0,99; 0,99; 1; 1; 1; 1; 1; 1; 1; 1; 1; 1; 1; 1; 1; 1; 1; 1; 1; 1; 1; 1; 1; 1; 1; 1; 1; 1; 1; 1; 1; 
1972; 2; 0; 0; 0; 0; 0; 0; 0; 0; 0,012; 0,033; 0,065; 0,13; 0,23; 0,34; 0,5; 0,63; 0,72; 0,81; 0,91; 0,96; 0,99; 0,99; 1; 1; 1; 1; 1; 1; 1; 1; 1; 1; 1; 1; 1; 1; 1; 1; 1; 1; 1; 1; 1; 1; 1; 1; 
1972; 3; 0; 0; 0; 0; 0; 0; 0; 0; 0; 0; 0; 0; 0; 0; 0; 0,0047; 0,039; 0,13; 0,35; 0,51; 0,7; 0,93; 0,99; 0,99; 1; 1; 1; 1; 1; 1; 1; 1; 1; 1; 1; 1; 1; 1; 1; 1; 1; 1; 1; 1; 1; 1; 
1972; 4; 0; 0; 0; 0; 0; 0; 0; 0; 0; 0; 0; 0; 0; 0; 0; 0; 0; 0; 0; 0; 0; 0; 0; 0; 0,0021; 0,0063; 0,031; 0,21; 0,45; 0,8; 0,96; 1; 1; 1; 1; 1; 1; 1; 1; 1; 1; 1; 1; 1; 1; 1; 
1972; 5; 0; 0; 0; 0; 0; 0; 0; 0; 0; 0; 0; 0; 0; 0; 0; 0; 0; 0; 0; 0; 0; 0; 0; 0; 0; 0; 0; 0,0021; 0,0058; 0,014; 0,024; 0,039; 0,32; 0,71; 0,91; 0,99; 1; 1; 1; 1; 1; 1; 1; 1; 1; 1; 
1972; 6; 0; 0; 0; 0; 0; 0; 0; 0; 0; 0; 0; 0; 0; 0; 0; 0; 0; 0; 0; 0; 0; 0; 0; 0; 0; 0; 0; 0; 0; 0; 0,0016; 0,0048; 0,015; 0,026; 0,053; 0,22; 0,46; 0,58; 0,69; 0,86; 0,96; 0,99; 1; 1; 1; 1; 
1972; 7; 0; 0; 0; 0; 0; 0; 0; 0; 0; 0; 0; 0; 0; 0; 0; 0; 0; 0; 0; 0; 0; 0; 0; 0; 0; 0; 0; 0; 0; 0; 0; 0; 0,00041; 0,0033; 0,0081; 0,019; 0,028; 0,043; 0,2; 0,43; 0,74; 0,92; 0,98; 1; 1; 1; 
1972; 8; 0; 0; 0; 0; 0; 0; 0; 0; 0; 0; 0; 0; 0; 0; 0; 0; 0; 0; 0; 0; 0; 0; 0; 0; 0; 0; 0; 0; 0; 0; 0; 0,0011; 0,0043; 0,014; 0,025; 0,055; 0,25; 0,39; 0,51; 0,65; 0,81; 0,92; 0,98; 1; 1; 1; 
1972; 9; 0; 0; 0; 0; 0; 0; 0; 0; 0; 0; 0; 0; 0; 0; 0; 0; 0; 0; 0; 0; 0; 0; 0; 0; 0; 0; 0,0023; 0,0077; 0,019; 0,029; 0,1; 0,54; 0,71; 0,84; 0,94; 0,99; 1; 1; 1; 1; 1; 1; 1; 1; 1; 1; 
1972; 10; 0; 0; 0; 0; 0; 0; 0; 0; 0; 0; 0; 0; 0; 0; 0; 0; 0; 0; 0; 0; 0; 0,0012; 0,0052; 0,015; 0,029; 0,4; 0,66; 0,81; 0,9; 0,96; 0,99; 1; 1; 1; 1; 1; 1; 1; 1; 1; 1; 1; 1; 1; 1; 1; 
1972; 11; 0; 0; 0; 0; 0; 0; 0; 0; 0; 0; 0; 0; 0; 0; 0; 0; 0; 0; 0; 0,0012; 0,0048; 0,024; 0,18; 0,58; 0,87; 0,95; 0,99; 1; 1; 1; 1; 1; 1; 1; 1; 1; 1; 1; 1; 1; 1; 1; 1; 1; 1; 1; 
1972; 12; 0; 0; 0; 0; 0; 0; 0; 0; 0; 0; 0; 0; 0; 0; 0; 0,00014; 0,0051; 0,016; 0,034; 0,33; 0,84; 0,96; 1; 1; 1; 1; 1; 1; 1; 1; 1; 1; 1; 1; 1; 1; 1; 1; 1; 1; 1; 1; 1; 1; 1; 1; 
1973; 1; 0; 0; 0; 0; 0; 0; 0; 0; 0,025; 0,1; 0,22; 0,4; 0,55; 0,65; 0,75; 0,87; 0,96; 0,99; 1; 1; 1; 1; 1; 1; 1; 1; 1; 1; 1; 1; 1; 1; 1; 1; 1; 1; 1; 1; 1; 1; 1; 1; 1; 1; 1; 1; 
1973; 2; 0; 0; 0; 0; 0; 0; 0; 0; 0; 0; 0; 0; 0; 0; 0; 0; 0,0018; 0,0063; 0,014; 0,055; 0,69; 0,94; 0,98; 0,99; 1; 1; 1; 1; 1; 1; 1; 1; 1; 1; 1; 1; 1; 1; 1; 1; 1; 1; 1; 1; 1; 1; 
1973; 3; 0; 0; 0; 0; 0; 0; 0; 0; 0; 0; 0; 0; 0; 0; 0; 0; 0,0019; 0,0066; 0,026; 0,31; 0,73; 0,9; 0,97; 0,99; 1; 1; 1; 1; 1; 1; 1; 1; 1; 1; 1; 1; 1; 1; 1; 1; 1; 1; 1; 1; 1; 1; 
1973; 4; 0; 0; 0; 0; 0; 0; 0; 0; 0; 0; 0; 0; 0; 0; 0; 0; 0; 0; 0; 0; 0; 0,00082; 0,0043; 0,01; 0,02; 0,035; 0,17; 0,35; 0,64; 0,96; 1; 1; 1; 1; 1; 1; 1; 1; 1; 1; 1; 1; 1; 1; 1; 1; 
1973; 5; 0; 0; 0; 0; 0; 0; 0; 0; 0; 0; 0; 0; 0; 0; 0; 0; 0; 0; 0; 0; 0; 0; 0; 0; 0; 0; 0,00041; 0,0041; 0,012; 0,023; 0,042; 0,23; 0,52; 0,93; 1; 1; 1; 1; 1; 1; 1; 1; 1; 1; 1; 1; 
1973; 6; 0; 0; 0; 0; 0; 0; 0; 0; 0; 0; 0; 0; 0; 0; 0; 0; 0; 0; 0; 0; 0; 0; 0; 0; 0; 0; 0; 0; 0; 0,0018; 0,006; 0,018; 0,028; 0,056; 0,4; 0,75; 0,93; 0,99; 1; 1; 1; 1; 1; 1; 1; 1; 
1973; 7; 0; 0; 0; 0; 0; 0; 0; 0; 0; 0; 0; 0; 0; 0; 0; 0; 0; 0; 0; 0; 0; 0; 0; 0; 0; 0; 0; 0; 0; 0; 0; 0,00041; 0,0034; 0,0086; 0,019; 0,029; 0,13; 0,57; 0,79; 0,93; 0,99; 1; 1; 1; 1; 1; 
1973; 8; 0; 0; 0; 0; 0; 0; 0; 0; 0; 0; 0; 0; 0; 0; 0; 0; 0; 0; 0; 0; 0; 0; 0; 0; 0; 0; 0; 0; 0; 0; 0,0034; 0,014; 0,026; 0,04; 0,27; 0,6; 0,87; 0,96; 0,99; 1; 1; 1; 1; 1; 1; 1; 
1973; 9; 0; 0; 0; 0; 0; 0; 0; 0; 0; 0; 0; 0; 0; 0; 0; 0; 0; 0; 0; 0; 0; 0; 0; 0; 0; 0; 0; 0,012; 0,12; 0,27; 0,59; 0,78; 0,92; 0,96; 0,99; 1; 1; 1; 1; 1; 1; 1; 1; 1; 1; 1; 
1973; 10; 0; 0; 0; 0; 0; 0; 0; 0; 0; 0; 0; 0; 0; 0; 0; 0; 0; 0; 0; 0; 0; 0; 0,0025; 0,0081; 0,05; 0,34; 0,78; 0,89; 0,95; 0,98; 1; 1; 1; 1; 1; 1; 1; 1; 1; 1; 1; 1; 1; 1; 1; 1; 
1973; 11; 0; 0; 0; 0; 0; 0; 0; 0; 0; 0; 0; 0; 0; 0; 0; 0,00096; 0,0038; 0,0093; 0,018; 0,054; 0,43; 0,88; 0,96; 1; 1; 1; 1; 1; 1; 1; 1; 1; 1; 1; 1; 1; 1; 1; 1; 1; 1; 1; 1; 1; 1; 1; 
1973; 12; 0; 0; 0; 0; 0; 0; 0; 0; 0; 0; 0; 0; 0; 0,0016; 0,008; 0,038; 0,15; 0,58; 0,8; 0,9; 0,96; 0,98; 0,99; 1; 1; 1; 1; 1; 1; 1; 1; 1; 1; 1; 1; 1; 1; 1; 1; 1; 1; 1; 1; 1; 1; 1; 
1974; 1; 0; 0; 0; 0; 0; 0; 0; 0; 0; 0,018; 0,059; 0,13; 0,21; 0,35; 0,58; 0,76; 0,9; 0,98; 1; 1; 1; 1; 1; 1; 1; 1; 1; 1; 1; 1; 1; 1; 1; 1; 1; 1; 1; 1; 1; 1; 1; 1; 1; 1; 1; 1; 
1974; 2; 0; 0; 0; 0; 0; 0; 0; 0; 0; 0; 0; 0; 0; 0; 0; 0; 0,0029; 0,051; 0,12; 0,27; 0,56; 0,91; 0,99; 1; 1; 1; 1; 1; 1; 1; 1; 1; 1; 1; 1; 1; 1; 1; 1; 1; 1; 1; 1; 1; 1; 1; 
1974; 3; 0; 0; 0; 0; 0; 0; 0; 0; 0; 0; 0; 0; 0; 0; 0; 0; 0; 0; 0,0019; 0,05; 0,41; 0,81; 0,95; 0,99; 1; 1; 1; 1; 1; 1; 1; 1; 1; 1; 1; 1; 1; 1; 1; 1; 1; 1; 1; 1; 1; 1; 
1974; 4; 0; 0; 0; 0; 0; 0; 0; 0; 0; 0; 0; 0; 0; 0; 0; 0; 0; 0; 0; 0,00082; 0,0026; 0,0077; 0,017; 0,07; 0,39; 0,82; 0,94; 1; 1; 1; 1; 1; 1; 1; 1; 1; 1; 1; 1; 1; 1; 1; 1; 1; 1; 1; 
1974; 5; 0; 0; 0; 0; 0; 0; 0; 0; 0; 0; 0; 0; 0; 0; 0; 0; 0; 0; 0; 0; 0; 0; 0; 0; 0; 0,0022; 0,0063; 0,016; 0,027; 0,16; 0,48; 0,83; 0,94; 0,99; 1; 1; 1; 1; 1; 1; 1; 1; 1; 1; 1; 1; 
1974; 6; 0; 0; 0; 0; 0; 0; 0; 0; 0; 0; 0; 0; 0; 0; 0; 0; 0; 0; 0; 0; 0; 0; 0; 0; 0; 0; 0; 0; 0,0019; 0,0063; 0,016; 0,027; 0,038; 0,2; 0,38; 0,71; 0,91; 0,98; 1; 1; 1; 1; 1; 1; 1; 1; 
1974; 7; 0; 0; 0; 0; 0; 0; 0; 0; 0; 0; 0; 0; 0; 0; 0; 0; 0; 0; 0; 0; 0; 0; 0; 0; 0; 0; 0; 0; 0; 0; 0,0022; 0,0052; 0,013; 0,023; 0,033; 0,27; 0,5; 0,84; 0,96; 0,99; 1; 1; 1; 1; 1; 1; 
1974; 8; 0; 0; 0; 0; 0; 0; 0; 0; 0; 0; 0; 0; 0; 0; 0; 0; 0; 0; 0; 0; 0; 0; 0; 0; 0; 0; 0; 0; 0; 0; 0; 0; 0,0025; 0,012; 0,072; 0,22; 0,62; 0,81; 0,9; 0,96; 0,99; 1; 1; 1; 1; 1; 
1974; 9; 0; 0; 0; 0; 0; 0; 0; 0; 0; 0; 0; 0; 0; 0; 0; 0; 0; 0; 0; 0; 0; 0; 0; 0; 0; 0; 0; 0; 0,0015; 0,0062; 0,014; 0,047; 0,2; 0,7; 0,86; 0,94; 0,98; 1; 1; 1; 1; 1; 1; 1; 1; 1; 
1974; 10; 0; 0; 0; 0; 0; 0; 0; 0; 0; 0; 0; 0; 0; 0; 0; 0; 0; 0; 0; 0; 0; 0; 0,00069; 0,0037; 0,0093; 0,019; 0,029; 0,14; 0,4; 0,58; 0,72; 0,83; 0,91; 0,96; 0,99; 1; 1; 1; 1; 1; 1; 1; 1; 1; 1; 1; 
1974; 11; 0; 0; 0; 0; 0; 0; 0; 0; 0; 0; 0; 0; 0; 0; 0; 0; 0; 0; 0,0011; 0,0053; 0,013; 0,025; 0,18; 0,71; 0,88; 0,96; 0,99; 1; 1; 1; 1; 1; 1; 1; 1; 1; 1; 1; 1; 1; 1; 1; 1; 1; 1; 1; 
1974; 12; 0; 0; 0; 0; 0; 0; 0; 0; 0; 0; 0; 0; 0; 0; 0; 0; 0,00082; 0,003; 0,012; 0,066; 0,22; 0,7; 0,88; 0,95; 0,99; 1; 1; 1; 1; 1; 1; 1; 1; 1; 1; 1; 1; 1; 1; 1; 1; 1; 1; 1; 1; 1; 
1975; 1; 0; 0; 0; 0; 0; 0; 0; 0; 0; 0; 0; 0; 0,00014; 0,0019; 0,0052; 0,011; 0,021; 0,058; 0,17; 0,31; 0,48; 0,84; 0,99; 1; 1; 1; 1; 1; 1; 1; 1; 1; 1; 1; 1; 1; 1; 1; 1; 1; 1; 1; 1; 1; 1; 1; 
1975; 2; 0; 0; 0; 0; 0; 0; 0; 0; 0; 0; 0; 0,011; 0,035; 0,072; 0,14; 0,24; 0,38; 0,56; 0,94; 0,99; 1; 1; 1; 1; 1; 1; 1; 1; 1; 1; 1; 1; 1; 1; 1; 1; 1; 1; 1; 1; 1; 1; 1; 1; 1; 1; 
1975; 3; 0; 0; 0; 0; 0; 0; 0; 0; 0; 0; 0; 0; 0; 0; 0; 0; 0; 0; 0; 0,0015; 0,031; 0,25; 0,47; 0,9; 0,97; 1; 1; 1; 1; 1; 1; 1; 1; 1; 1; 1; 1; 1; 1; 1; 1; 1; 1; 1; 1; 1; 
1975; 4; 0; 0; 0; 0; 0; 0; 0; 0; 0; 0; 0; 0; 0; 0; 0; 0; 0; 0; 0; 0; 0; 0; 0,0019; 0,0056; 0,014; 0,023; 0,068; 0,2; 0,3; 0,47; 0,76; 0,97; 1; 1; 1; 1; 1; 1; 1; 1; 1; 1; 1; 1; 1; 1; 
1975; 5; 0; 0; 0; 0; 0; 0; 0; 0; 0; 0; 0; 0; 0; 0; 0; 0; 0; 0; 0; 0; 0; 0; 0; 0; 0; 0; 0; 0; 0,00082; 0,0038; 0,0099; 0,022; 0,032; 0,066; 0,38; 0,64; 0,95; 1; 1; 1; 1; 1; 1; 1; 1; 1; 
1975; 6; 0; 0; 0; 0; 0; 0; 0; 0; 0; 0; 0; 0; 0; 0; 0; 0; 0; 0; 0; 0; 0; 0; 0; 0; 0; 0; 0; 0; 0; 0; 0,00041; 0,004; 0,0096; 0,021; 0,029; 0,099; 0,27; 0,38; 0,5; 0,78; 0,95; 0,99; 1; 1; 1; 1; 
1975; 7; 0; 0; 0; 0; 0; 0; 0; 0; 0; 0; 0; 0; 0; 0; 0; 0; 0; 0; 0; 0; 0; 0; 0; 0; 0; 0; 0; 0; 0; 0; 0; 0,00014; 0,0022; 0,007; 0,016; 0,027; 0,077; 0,42; 0,6; 0,78; 0,92; 0,99; 1; 1; 1; 1; 
1975; 8; 0; 0; 0; 0; 0; 0; 0; 0; 0; 0; 0; 0; 0; 0; 0; 0; 0; 0; 0; 0; 0; 0; 0; 0; 0; 0; 0; 0; 0; 0; 0,00041; 0,0036; 0,0092; 0,02; 0,041; 0,24; 0,53; 0,74; 0,86; 0,94; 0,99; 1; 1; 1; 1; 1; 
1975; 9; 0; 0; 0; 0; 0; 0; 0; 0; 0; 0; 0; 0; 0; 0; 0; 0; 0; 0; 0; 0; 0; 0; 0; 0; 0; 0; 0; 0; 0; 0,0023; 0,0088; 0,028; 0,17; 0,55; 0,78; 0,9; 0,97; 0,99; 1; 1; 1; 1; 1; 1; 1; 1; 
1975; 10; 0; 0; 0; 0; 0; 0; 0; 0; 0; 0; 0; 0; 0; 0; 0; 0; 0; 0; 0; 0; 0; 0; 0,0012; 0,037; 0,12; 0,23; 0,47; 0,78; 0,9; 0,95; 0,98; 1; 1; 1; 1; 1; 1; 1; 1; 1; 1; 1; 1; 1; 1; 1; 
1975; 11; 0; 0; 0; 0; 0; 0; 0; 0; 0; 0; 0; 0; 0; 0; 0; 0,0015; 0,034; 0,12; 0,24; 0,56; 0,81; 0,89; 0,93; 0,96; 0,99; 1; 1; 1; 1; 1; 1; 1; 1; 1; 1; 1; 1; 1; 1; 1; 1; 1; 1; 1; 1; 1; 
1975; 12; 0; 0; 0; 0; 0; 0; 0; 0; 0; 0; 0; 0; 0; 0; 0,00096; 0,012; 0,13; 0,29; 0,5; 0,89; 0,96; 0,99; 1; 1; 1; 1; 1; 1; 1; 1; 1; 1; 1; 1; 1; 1; 1; 1; 1; 1; 1; 1; 1; 1; 1; 1; 
1976; 1; 0; 0; 0; 0; 0; 0; 0; 0; 0,00069; 0,014; 0,061; 0,13; 0,22; 0,42; 0,65; 0,8; 0,89; 0,94; 0,97; 1; 1; 1; 1; 1; 1; 1; 1; 1; 1; 1; 1; 1; 1; 1; 1; 1; 1; 1; 1; 1; 1; 1; 1; 1; 1; 1; 
1976; 2; 0; 0; 0; 0,0011; 0,021; 0,068; 0,13; 0,24; 0,51; 0,7; 0,81; 0,89; 0,94; 0,97; 0,99; 1; 1; 1; 1; 1; 1; 1; 1; 1; 1; 1; 1; 1; 1; 1; 1; 1; 1; 1; 1; 1; 1; 1; 1; 1; 1; 1; 1; 1; 1; 1; 
1976; 3; 0; 0; 0; 0; 0; 0; 0; 0; 0; 0; 0; 0; 0; 0; 0,0018; 0,0086; 0,039; 0,14; 0,46; 0,72; 0,9; 0,98; 1; 1; 1; 1; 1; 1; 1; 1; 1; 1; 1; 1; 1; 1; 1; 1; 1; 1; 1; 1; 1; 1; 1; 1; 
1976; 4; 0; 0; 0; 0; 0; 0; 0; 0; 0; 0; 0; 0; 0; 0; 0; 0; 0; 0; 0; 0; 0; 0; 0,00096; 0,004; 0,01; 0,021; 0,05; 0,28; 0,66; 0,98; 1; 1; 1; 1; 1; 1; 1; 1; 1; 1; 1; 1; 1; 1; 1; 1; 
1976; 5; 0; 0; 0; 0; 0; 0; 0; 0; 0; 0; 0; 0; 0; 0; 0; 0; 0; 0; 0; 0; 0; 0; 0; 0; 0; 0,0011; 0,0045; 0,014; 0,026; 0,23; 0,74; 0,91; 0,97; 0,99; 1; 1; 1; 1; 1; 1; 1; 1; 1; 1; 1; 1; 
1976; 6; 0; 0; 0; 0; 0; 0; 0; 0; 0; 0; 0; 0; 0; 0; 0; 0; 0; 0; 0; 0; 0; 0; 0; 0; 0; 0; 0; 0,00096; 0,0043; 0,012; 0,022; 0,032; 0,2; 0,41; 0,62; 0,83; 0,96; 1; 1; 1; 1; 1; 1; 1; 1; 1; 
1976; 7; 0; 0; 0; 0; 0; 0; 0; 0; 0; 0; 0; 0; 0; 0; 0; 0; 0; 0; 0; 0; 0; 0; 0; 0; 0; 0; 0; 0; 0; 0; 0,0011; 0,004; 0,011; 0,023; 0,12; 0,51; 0,72; 0,85; 0,96; 0,99; 1; 1; 1; 1; 1; 1; 
1976; 8; 0; 0; 0; 0; 0; 0; 0; 0; 0; 0; 0; 0; 0; 0; 0; 0; 0; 0; 0; 0; 0; 0; 0; 0; 0; 0; 0; 0; 0,0029; 0,008; 0,019; 0,03; 0,057; 0,23; 0,45; 0,71; 0,88; 0,97; 0,99; 1; 1; 1; 1; 1; 1; 1; 
1976; 9; 0; 0; 0; 0; 0; 0; 0; 0; 0; 0; 0; 0; 0; 0; 0; 0; 0; 0; 0; 0; 0; 0; 0; 0; 0; 0; 0; 0,0023; 0,007; 0,016; 0,071; 0,27; 0,75; 0,89; 0,97; 0,99; 1; 1; 1; 1; 1; 1; 1; 1; 1; 1; 
1976; 10; 0; 0; 0; 0; 0; 0; 0; 0; 0; 0; 0; 0; 0; 0; 0; 0; 0; 0; 0; 0; 0,022; 0,12; 0,23; 0,39; 0,59; 0,74; 0,89; 0,95; 0,97; 0,99; 1; 1; 1; 1; 1; 1; 1; 1; 1; 1; 1; 1; 1; 1; 1; 1; 
1976; 11; 0; 0; 0; 0; 0; 0; 0; 0; 0; 0; 0; 0; 0; 0; 0; 0; 0; 0; 0; 0; 0,013; 0,099; 0,28; 0,52; 0,78; 0,95; 0,98; 1; 1; 1; 1; 1; 1; 1; 1; 1; 1; 1; 1; 1; 1; 1; 1; 1; 1; 1; 
1976; 12; 0; 0; 0; 0; 0; 0; 0; 0; 0; 0; 0; 0; 0; 0; 0,0014; 0,0053; 0,014; 0,029; 0,17; 0,7; 0,85; 0,92; 0,96; 0,99; 1; 1; 1; 1; 1; 1; 1; 1; 1; 1; 1; 1; 1; 1; 1; 1; 1; 1; 1; 1; 1; 1; 
1977; 1; 0; 0; 0; 0; 0; 0; 0,0026; 0,021; 0,052; 0,086; 0,18; 0,31; 0,48; 0,62; 0,71; 0,82; 0,9; 0,96; 0,99; 1; 1; 1; 1; 1; 1; 1; 1; 1; 1; 1; 1; 1; 1; 1; 1; 1; 1; 1; 1; 1; 1; 1; 1; 1; 1; 1; 
1977; 2; 0; 0; 0; 0; 0; 0; 0; 0; 0; 0; 0; 0; 0; 0; 0; 0,009; 0,029; 0,095; 0,18; 0,38; 0,64; 0,8; 0,89; 0,94; 0,98; 1; 1; 1; 1; 1; 1; 1; 1; 1; 1; 1; 1; 1; 1; 1; 1; 1; 1; 1; 1; 1; 
1977; 3; 0; 0; 0; 0; 0; 0; 0; 0; 0; 0; 0; 0; 0; 0; 0; 0; 0; 0; 0; 0; 0,016; 0,12; 0,64; 0,91; 0,98; 1; 1; 1; 1; 1; 1; 1; 1; 1; 1; 1; 1; 1; 1; 1; 1; 1; 1; 1; 1; 1; 
1977; 4; 0; 0; 0; 0; 0; 0; 0; 0; 0; 0; 0; 0; 0; 0; 0; 0; 0; 0; 0; 0; 0; 0,0023; 0,0071; 0,015; 0,025; 0,075; 0,34; 0,63; 0,93; 0,99; 1; 1; 1; 1; 1; 1; 1; 1; 1; 1; 1; 1; 1; 1; 1; 1; 
1977; 5; 0; 0; 0; 0; 0; 0; 0; 0; 0; 0; 0; 0; 0; 0; 0; 0; 0; 0; 0; 0; 0; 0; 0; 0; 0; 0; 0,00055; 0,0037; 0,009; 0,018; 0,03; 0,13; 0,46; 0,91; 0,99; 1; 1; 1; 1; 1; 1; 1; 1; 1; 1; 1; 
1977; 6; 0; 0; 0; 0; 0; 0; 0; 0; 0; 0; 0; 0; 0; 0; 0; 0; 0; 0; 0; 0; 0; 0; 0; 0; 0; 0; 0; 0; 0; 0,0014; 0,0044; 0,013; 0,024; 0,033; 0,11; 0,49; 0,82; 0,96; 1; 1; 1; 1; 1; 1; 1; 1; 
1977; 7; 0; 0; 0; 0; 0; 0; 0; 0; 0; 0; 0; 0; 0; 0; 0; 0; 0; 0; 0; 0; 0; 0; 0; 0; 0; 0; 0; 0; 0; 0; 0,00041; 0,0037; 0,0099; 0,021; 0,037; 0,18; 0,37; 0,61; 0,82; 0,95; 0,99; 1; 1; 1; 1; 1; 
1977; 8; 0; 0; 0; 0; 0; 0; 0; 0; 0; 0; 0; 0; 0; 0; 0; 0; 0; 0; 0; 0; 0; 0; 0; 0; 0; 0; 0; 0; 0; 0; 0,0011; 0,0041; 0,012; 0,022; 0,057; 0,41; 0,62; 0,82; 0,92; 0,98; 1; 1; 1; 1; 1; 1; 
1977; 9; 0; 0; 0; 0; 0; 0; 0; 0; 0; 0; 0; 0; 0; 0; 0; 0; 0; 0; 0; 0; 0; 0; 0; 0; 0; 0,0011; 0,0041; 0,012; 0,024; 0,21; 0,57; 0,8; 0,92; 0,98; 0,99; 1; 1; 1; 1; 1; 1; 1; 1; 1; 1; 1; 
1977; 10; 0; 0; 0; 0; 0; 0; 0; 0; 0; 0; 0; 0; 0; 0; 0; 0; 0; 0; 0; 0; 0; 0; 0; 0,046; 0,2; 0,48; 0,7; 0,93; 0,99; 1; 1; 1; 1; 1; 1; 1; 1; 1; 1; 1; 1; 1; 1; 1; 1; 1; 
1977; 11; 0; 0; 0; 0; 0; 0; 0; 0; 0; 0; 0; 0; 0; 0; 0; 0; 0; 0; 0; 0; 0,0027; 0,0081; 0,017; 0,074; 0,58; 0,79; 0,9; 0,96; 0,99; 1; 1; 1; 1; 1; 1; 1; 1; 1; 1; 1; 1; 1; 1; 1; 1; 1; 
1977; 12; 0; 0; 0; 0; 0; 0; 0; 0; 0; 0,0011; 0,028; 0,087; 0,19; 0,29; 0,41; 0,63; 0,86; 0,93; 0,97; 1; 1; 1; 1; 1; 1; 1; 1; 1; 1; 1; 1; 1; 1; 1; 1; 1; 1; 1; 1; 1; 1; 1; 1; 1; 1; 1; 
1978; 1; 0; 0; 0; 0; 0; 0; 0; 0; 0; 0; 0,0048; 0,11; 0,28; 0,51; 0,67; 0,84; 0,92; 0,96; 0,99; 1; 1; 1; 1; 1; 1; 1; 1; 1; 1; 1; 1; 1; 1; 1; 1; 1; 1; 1; 1; 1; 1; 1; 1; 1; 1; 1; 
1978; 2; 0; 0; 0; 0; 0; 0; 0; 0; 0; 0; 0; 0; 0,016; 0,22; 0,43; 0,63; 0,75; 0,81; 0,87; 0,92; 0,96; 0,97; 0,99; 1; 1; 1; 1; 1; 1; 1; 1; 1; 1; 1; 1; 1; 1; 1; 1; 1; 1; 1; 1; 1; 1; 1; 
1978; 3; 0; 0; 0; 0; 0; 0; 0; 0; 0; 0; 0; 0; 0; 0; 0; 0; 0; 0; 0,00041; 0,0041; 0,011; 0,035; 0,45; 0,7; 0,93; 0,98; 1; 1; 1; 1; 1; 1; 1; 1; 1; 1; 1; 1; 1; 1; 1; 1; 1; 1; 1; 1; 
1978; 4; 0; 0; 0; 0; 0; 0; 0; 0; 0; 0; 0; 0; 0; 0; 0; 0; 0; 0; 0; 0; 0; 0,0025; 0,0071; 0,016; 0,027; 0,097; 0,5; 0,88; 0,98; 1; 1; 1; 1; 1; 1; 1; 1; 1; 1; 1; 1; 1; 1; 1; 1; 1; 
1978; 5; 0; 0; 0; 0; 0; 0; 0; 0; 0; 0; 0; 0; 0; 0; 0; 0; 0; 0; 0; 0; 0; 0; 0; 0; 0; 0,0033; 0,0081; 0,018; 0,029; 0,24; 0,44; 0,83; 0,96; 1; 1; 1; 1; 1; 1; 1; 1; 1; 1; 1; 1; 1; 
1978; 6; 0; 0; 0; 0; 0; 0; 0; 0; 0; 0; 0; 0; 0; 0; 0; 0; 0; 0; 0; 0; 0; 0; 0; 0; 0; 0; 0; 0; 0,00055; 0,0043; 0,012; 0,023; 0,078; 0,41; 0,7; 0,87; 0,95; 0,99; 1; 1; 1; 1; 1; 1; 1; 1; 
1978; 7; 0; 0; 0; 0; 0; 0; 0; 0; 0; 0; 0; 0; 0; 0; 0; 0; 0; 0; 0; 0; 0; 0; 0; 0; 0; 0; 0; 0; 0; 0,0012; 0,0045; 0,012; 0,022; 0,032; 0,22; 0,43; 0,68; 0,85; 0,95; 0,99; 1; 1; 1; 1; 1; 1; 
1978; 8; 0; 0; 0; 0; 0; 0; 0; 0; 0; 0; 0; 0; 0; 0; 0; 0; 0; 0; 0; 0; 0; 0; 0; 0; 0; 0; 0; 0; 0; 0,0026; 0,0085; 0,019; 0,029; 0,074; 0,39; 0,64; 0,86; 0,95; 0,99; 1; 1; 1; 1; 1; 1; 1; 
1978; 9; 0; 0; 0; 0; 0; 0; 0; 0; 0; 0; 0; 0; 0; 0; 0; 0; 0; 0; 0; 0; 0; 0; 0; 0; 0; 0; 0,00096; 0,0045; 0,014; 0,032; 0,31; 0,56; 0,75; 0,87; 0,95; 0,99; 1; 1; 1; 1; 1; 1; 1; 1; 1; 1; 
1978; 10; 0; 0; 0; 0; 0; 0; 0; 0; 0; 0; 0; 0; 0; 0; 0; 0; 0; 0; 0; 0; 0; 0; 0; 0,0011; 0,02; 0,13; 0,31; 0,71; 0,89; 0,95; 0,99; 1; 1; 1; 1; 1; 1; 1; 1; 1; 1; 1; 1; 1; 1; 1; 
1978; 11; 0; 0; 0; 0; 0; 0; 0; 0; 0; 0; 0; 0; 0; 0; 0; 0; 0; 0; 0; 0,0015; 0,012; 0,029; 0,11; 0,35; 0,76; 0,99; 1; 1; 1; 1; 1; 1; 1; 1; 1; 1; 1; 1; 1; 1; 1; 1; 1; 1; 1; 1; 
1978; 12; 0; 0; 0; 0; 0; 0; 0; 0; 0,0011; 0,022; 0,08; 0,16; 0,24; 0,4; 0,57; 0,73; 0,84; 0,91; 0,94; 0,97; 0,99; 1; 1; 1; 1; 1; 1; 1; 1; 1; 1; 1; 1; 1; 1; 1; 1; 1; 1; 1; 1; 1; 1; 1; 1; 1; 
1979; 1; 0; 0; 0; 0; 0; 0; 0; 0; 0; 0; 0,0082; 0,048; 0,13; 0,26; 0,5; 0,75; 0,83; 0,89; 0,94; 0,97; 0,98; 1; 1; 1; 1; 1; 1; 1; 1; 1; 1; 1; 1; 1; 1; 1; 1; 1; 1; 1; 1; 1; 1; 1; 1; 1; 
1979; 2; 0; 0; 0; 0; 0; 0; 0; 0; 0; 0,0029; 0,039; 0,16; 0,33; 0,5; 0,65; 0,77; 0,84; 0,9; 0,94; 0,97; 1; 1; 1; 1; 1; 1; 1; 1; 1; 1; 1; 1; 1; 1; 1; 1; 1; 1; 1; 1; 1; 1; 1; 1; 1; 1; 
1979; 3; 0; 0; 0; 0; 0; 0; 0; 0; 0; 0; 0; 0; 0; 0; 0; 0; 0; 0; 0,00041; 0,0036; 0,042; 0,28; 0,65; 0,88; 0,95; 0,99; 1; 1; 1; 1; 1; 1; 1; 1; 1; 1; 1; 1; 1; 1; 1; 1; 1; 1; 1; 1; 
1979; 4; 0; 0; 0; 0; 0; 0; 0; 0; 0; 0; 0; 0; 0; 0; 0; 0; 0; 0; 0; 0; 0,0012; 0,0045; 0,011; 0,02; 0,088; 0,61; 0,87; 0,94; 0,99; 1; 1; 1; 1; 1; 1; 1; 1; 1; 1; 1; 1; 1; 1; 1; 1; 1; 
1979; 5; 0; 0; 0; 0; 0; 0; 0; 0; 0; 0; 0; 0; 0; 0; 0; 0; 0; 0; 0; 0; 0; 0; 0; 0; 0; 0; 0; 0,0019; 0,006; 0,016; 0,027; 0,049; 0,26; 0,36; 0,48; 0,74; 0,92; 0,99; 1; 1; 1; 1; 1; 1; 1; 1; 
1979; 6; 0; 0; 0; 0; 0; 0; 0; 0; 0; 0; 0; 0; 0; 0; 0; 0; 0; 0; 0; 0; 0; 0; 0; 0; 0; 0; 0; 0; 0; 0; 0; 0,00055; 0,0037; 0,0099; 0,019; 0,045; 0,27; 0,57; 0,89; 0,97; 1; 1; 1; 1; 1; 1; 
1979; 7; 0; 0; 0; 0; 0; 0; 0; 0; 0; 0; 0; 0; 0; 0; 0; 0; 0; 0; 0; 0; 0; 0; 0; 0; 0; 0; 0; 0; 0; 0,0033; 0,0077; 0,015; 0,026; 0,16; 0,29; 0,42; 0,55; 0,79; 0,95; 0,99; 1; 1; 1; 1; 1; 1; 
1979; 8; 0; 0; 0; 0; 0; 0; 0; 0; 0; 0; 0; 0; 0; 0; 0; 0; 0; 0; 0; 0; 0; 0; 0; 0; 0; 0; 0; 0; 0; 0; 0,0016; 0,0064; 0,014; 0,025; 0,038; 0,18; 0,42; 0,58; 0,7; 0,84; 0,95; 0,99; 1; 1; 1; 1; 
1979; 9; 0; 0; 0; 0; 0; 0; 0; 0; 0; 0; 0; 0; 0; 0; 0; 0; 0; 0; 0; 0; 0; 0; 0; 0; 0; 0; 0; 0; 0,0045; 0,014; 0,026; 0,094; 0,41; 0,74; 0,89; 0,97; 0,99; 1; 1; 1; 1; 1; 1; 1; 1; 1; 
1979; 10; 0; 0; 0; 0; 0; 0; 0; 0; 0; 0; 0; 0; 0; 0; 0; 0; 0; 0; 0; 0; 0; 0,0056; 0,02; 0,35; 0,69; 0,82; 0,9; 0,95; 0,98; 1; 1; 1; 1; 1; 1; 1; 1; 1; 1; 1; 1; 1; 1; 1; 1; 1; 
1979; 11; 0; 0; 0; 0; 0; 0; 0; 0; 0; 0; 0; 0; 0; 0; 0; 0; 0; 0; 0; 0,00027; 0,038; 0,45; 0,73; 0,85; 0,91; 0,96; 0,99; 1; 1; 1; 1; 1; 1; 1; 1; 1; 1; 1; 1; 1; 1; 1; 1; 1; 1; 1; 
1979; 12; 0; 0; 0; 0; 0; 0; 0; 0; 0; 0; 0; 0; 0; 0; 0; 0; 0; 0,013; 0,098; 0,27; 0,7; 0,86; 0,93; 0,98; 1; 1; 1; 1; 1; 1; 1; 1; 1; 1; 1; 1; 1; 1; 1; 1; 1; 1; 1; 1; 1; 1; 
1980; 1; 0; 0; 0; 0; 0; 0; 0; 0,0086; 0,066; 0,16; 0,4; 0,63; 0,8; 0,86; 0,91; 0,94; 0,98; 1; 1; 1; 1; 1; 1; 1; 1; 1; 1; 1; 1; 1; 1; 1; 1; 1; 1; 1; 1; 1; 1; 1; 1; 1; 1; 1; 1; 1; 
1980; 2; 0; 0; 0; 0; 0; 0; 0; 0; 0; 0; 0,0012; 0,037; 0,091; 0,17; 0,24; 0,47; 0,64; 0,78; 0,89; 0,96; 0,99; 1; 1; 1; 1; 1; 1; 1; 1; 1; 1; 1; 1; 1; 1; 1; 1; 1; 1; 1; 1; 1; 1; 1; 1; 1; 
1980; 3; 0; 0; 0; 0; 0; 0; 0; 0; 0; 0; 0; 0,00014; 0,024; 0,092; 0,2; 0,45; 0,62; 0,73; 0,82; 0,89; 0,94; 0,98; 1; 1; 1; 1; 1; 1; 1; 1; 1; 1; 1; 1; 1; 1; 1; 1; 1; 1; 1; 1; 1; 1; 1; 1; 
1980; 4; 0; 0; 0; 0; 0; 0; 0; 0; 0; 0; 0; 0; 0; 0; 0; 0; 0; 0; 0; 0; 0,0012; 0,0051; 0,015; 0,027; 0,076; 0,33; 0,84; 0,98; 1; 1; 1; 1; 1; 1; 1; 1; 1; 1; 1; 1; 1; 1; 1; 1; 1; 1; 
1980; 5; 0; 0; 0; 0; 0; 0; 0; 0; 0; 0; 0; 0; 0; 0; 0; 0; 0; 0; 0; 0; 0; 0; 0; 0; 0,0018; 0,0099; 0,021; 0,076; 0,24; 0,4; 0,59; 0,82; 0,95; 1; 1; 1; 1; 1; 1; 1; 1; 1; 1; 1; 1; 1; 
1980; 6; 0; 0; 0; 0; 0; 0; 0; 0; 0; 0; 0; 0; 0; 0; 0; 0; 0; 0; 0; 0; 0; 0; 0; 0; 0; 0; 0; 0; 0; 0,0016; 0,0063; 0,014; 0,025; 0,035; 0,25; 0,42; 0,82; 0,95; 1; 1; 1; 1; 1; 1; 1; 1; 
1980; 7; 0; 0; 0; 0; 0; 0; 0; 0; 0; 0; 0; 0; 0; 0; 0; 0; 0; 0; 0; 0; 0; 0; 0; 0; 0; 0; 0; 0; 0; 0; 0; 0,0023; 0,0073; 0,017; 0,028; 0,063; 0,3; 0,53; 0,79; 0,93; 0,98; 1; 1; 1; 1; 1; 
1980; 8; 0; 0; 0; 0; 0; 0; 0; 0; 0; 0; 0; 0; 0; 0; 0; 0; 0; 0; 0; 0; 0; 0; 0; 0; 0; 0; 0; 0; 0; 0; 0,0021; 0,0073; 0,017; 0,029; 0,12; 0,57; 0,84; 0,92; 0,98; 1; 1; 1; 1; 1; 1; 1; 
1980; 9; 0; 0; 0; 0; 0; 0; 0; 0; 0; 0; 0; 0; 0; 0; 0; 0; 0; 0; 0; 0; 0; 0; 0; 0; 0; 0; 0,00041; 0,0041; 0,013; 0,026; 0,051; 0,36; 0,84; 0,94; 0,99; 1; 1; 1; 1; 1; 1; 1; 1; 1; 1; 1; 
1980; 10; 0; 0; 0; 0; 0; 0; 0; 0; 0; 0; 0; 0; 0; 0; 0; 0; 0; 0; 0; 0; 0; 0; 0; 0; 0,0018; 0,025; 0,13; 0,34; 0,81; 0,89; 0,94; 0,99; 1; 1; 1; 1; 1; 1; 1; 1; 1; 1; 1; 1; 1; 1; 
1980; 11; 0; 0; 0; 0; 0; 0; 0; 0; 0; 0; 0; 0; 0; 0; 0; 0; 0; 0; 0,0014; 0,023; 0,15; 0,53; 0,69; 0,8; 0,89; 0,95; 0,98; 1; 1; 1; 1; 1; 1; 1; 1; 1; 1; 1; 1; 1; 1; 1; 1; 1; 1; 1; 
1980; 12; 0; 0; 0; 0; 0; 0; 0; 0; 0; 0; 0; 0; 0; 0; 0,00041; 0,004; 0,012; 0,031; 0,22; 0,54; 0,66; 0,76; 0,89; 0,96; 0,98; 1; 1; 1; 1; 1; 1; 1; 1; 1; 1; 1; 1; 1; 1; 1; 1; 1; 1; 1; 1; 1; 
1981; 1; 0; 0; 0; 0; 0; 0; 0; 0; 0; 0; 0,0032; 0,013; 0,029; 0,1; 0,31; 0,44; 0,51; 0,6; 0,72; 0,83; 0,92; 0,96; 0,99; 1; 1; 1; 1; 1; 1; 1; 1; 1; 1; 1; 1; 1; 1; 1; 1; 1; 1; 1; 1; 1; 1; 1; 
1981; 2; 0; 0; 0; 0; 0; 0; 0; 0; 0; 0; 0; 0; 0; 0,0012; 0,0064; 0,031; 0,089; 0,34; 0,65; 0,79; 0,88; 0,96; 0,99; 1; 1; 1; 1; 1; 1; 1; 1; 1; 1; 1; 1; 1; 1; 1; 1; 1; 1; 1; 1; 1; 1; 1; 
1981; 3; 0; 0; 0; 0; 0; 0; 0; 0; 0; 0; 0; 0; 0; 0; 0; 0; 0; 0,0096; 0,061; 0,17; 0,33; 0,72; 0,87; 0,96; 0,99; 1; 1; 1; 1; 1; 1; 1; 1; 1; 1; 1; 1; 1; 1; 1; 1; 1; 1; 1; 1; 1; 
1981; 4; 0; 0; 0; 0; 0; 0; 0; 0; 0; 0; 0; 0; 0; 0; 0; 0; 0; 0; 0; 0; 0,003; 0,0086; 0,021; 0,15; 0,51; 0,8; 0,92; 0,98; 1; 1; 1; 1; 1; 1; 1; 1; 1; 1; 1; 1; 1; 1; 1; 1; 1; 1; 
1981; 5; 0; 0; 0; 0; 0; 0; 0; 0; 0; 0; 0; 0; 0; 0; 0; 0; 0; 0; 0; 0; 0; 0; 0; 0; 0; 0; 0,00069; 0,0037; 0,0099; 0,02; 0,047; 0,2; 0,75; 0,97; 1; 1; 1; 1; 1; 1; 1; 1; 1; 1; 1; 1; 
1981; 6; 0; 0; 0; 0; 0; 0; 0; 0; 0; 0; 0; 0; 0; 0; 0; 0; 0; 0; 0; 0; 0; 0; 0; 0; 0; 0; 0; 0; 0; 0; 0; 0,0016; 0,0055; 0,014; 0,025; 0,054; 0,25; 0,41; 0,66; 0,89; 0,99; 1; 1; 1; 1; 1; 
1981; 7; 0; 0; 0; 0; 0; 0; 0; 0; 0; 0; 0; 0; 0; 0; 0; 0; 0; 0; 0; 0; 0; 0; 0; 0; 0; 0; 0; 0; 0; 0; 0,00014; 0,0026; 0,0077; 0,015; 0,026; 0,04; 0,19; 0,33; 0,46; 0,69; 0,9; 0,97; 1; 1; 1; 1; 
1981; 8; 0; 0; 0; 0; 0; 0; 0; 0; 0; 0; 0; 0; 0; 0; 0; 0; 0; 0; 0; 0; 0; 0; 0; 0; 0; 0; 0; 0; 0; 0; 0,0019; 0,0066; 0,015; 0,026; 0,18; 0,38; 0,52; 0,68; 0,89; 0,98; 0,99; 1; 1; 1; 1; 1; 
1981; 9; 0; 0; 0; 0; 0; 0; 0; 0; 0; 0; 0; 0; 0; 0; 0; 0; 0; 0; 0; 0; 0; 0; 0; 0; 0; 0; 0; 0; 0,00082; 0,0055; 0,02; 0,2; 0,64; 0,81; 0,9; 0,98; 0,99; 1; 1; 1; 1; 1; 1; 1; 1; 1; 
1981; 10; 0; 0; 0; 0; 0; 0; 0; 0; 0; 0; 0; 0; 0; 0; 0; 0; 0; 0; 0; 0; 0; 0; 0; 0; 0,00041; 0,0041; 0,012; 0,05; 0,5; 0,77; 0,87; 0,93; 0,97; 0,99; 1; 1; 1; 1; 1; 1; 1; 1; 1; 1; 1; 1; 
1981; 11; 0; 0; 0; 0; 0; 0; 0; 0; 0; 0; 0; 0; 0; 0; 0; 0; 0; 0,0011; 0,0047; 0,012; 0,021; 0,097; 0,58; 0,81; 0,91; 0,96; 0,99; 1; 1; 1; 1; 1; 1; 1; 1; 1; 1; 1; 1; 1; 1; 1; 1; 1; 1; 1; 
1981; 12; 0; 0; 0; 0; 0; 0; 0; 0; 0; 0; 0; 0; 0; 0,00027; 0,0036; 0,011; 0,059; 0,25; 0,36; 0,51; 0,67; 0,78; 0,86; 0,93; 0,96; 0,97; 0,99; 1; 1; 1; 1; 1; 1; 1; 1; 1; 1; 1; 1; 1; 1; 1; 1; 1; 1; 1; 
1982; 1; 0; 0; 0; 0; 0; 0; 0; 0; 0; 0; 0; 0,0019; 0,012; 0,04; 0,12; 0,42; 0,85; 0,94; 0,98; 0,99; 1; 1; 1; 1; 1; 1; 1; 1; 1; 1; 1; 1; 1; 1; 1; 1; 1; 1; 1; 1; 1; 1; 1; 1; 1; 1; 
1982; 2; 0; 0; 0; 0; 0; 0; 0; 0; 0,0051; 0,031; 0,058; 0,12; 0,24; 0,36; 0,56; 0,86; 0,93; 0,98; 1; 1; 1; 1; 1; 1; 1; 1; 1; 1; 1; 1; 1; 1; 1; 1; 1; 1; 1; 1; 1; 1; 1; 1; 1; 1; 1; 1; 
1982; 3; 0; 0; 0; 0; 0; 0; 0; 0; 0; 0; 0; 0; 0; 0; 0; 0; 0,00055; 0,0058; 0,06; 0,13; 0,24; 0,76; 0,95; 1; 1; 1; 1; 1; 1; 1; 1; 1; 1; 1; 1; 1; 1; 1; 1; 1; 1; 1; 1; 1; 1; 1; 
1982; 4; 0; 0; 0; 0; 0; 0; 0; 0; 0; 0; 0; 0; 0; 0; 0; 0; 0; 0; 0; 0,00041; 0,0043; 0,012; 0,022; 0,033; 0,18; 0,5; 0,79; 0,92; 0,99; 1; 1; 1; 1; 1; 1; 1; 1; 1; 1; 1; 1; 1; 1; 1; 1; 1; 
1982; 5; 0; 0; 0; 0; 0; 0; 0; 0; 0; 0; 0; 0; 0; 0; 0; 0; 0; 0; 0; 0; 0; 0; 0; 0; 0; 0; 0; 0,0023; 0,0085; 0,021; 0,045; 0,28; 0,77; 0,92; 0,98; 1; 1; 1; 1; 1; 1; 1; 1; 1; 1; 1; 
1982; 6; 0; 0; 0; 0; 0; 0; 0; 0; 0; 0; 0; 0; 0; 0; 0; 0; 0; 0; 0; 0; 0; 0; 0; 0; 0; 0; 0; 0; 0; 0,00041; 0,0043; 0,013; 0,054; 0,29; 0,59; 0,84; 0,92; 0,98; 1; 1; 1; 1; 1; 1; 1; 1; 
1982; 7; 0; 0; 0; 0; 0; 0; 0; 0; 0; 0; 0; 0; 0; 0; 0; 0; 0; 0; 0; 0; 0; 0; 0; 0; 0; 0; 0; 0; 0; 0; 0; 0,0023; 0,007; 0,017; 0,029; 0,21; 0,45; 0,75; 0,95; 1; 1; 1; 1; 1; 1; 1; 
1982; 8; 0; 0; 0; 0; 0; 0; 0; 0; 0; 0; 0; 0; 0; 0; 0; 0; 0; 0; 0; 0; 0; 0; 0; 0; 0; 0; 0; 0; 0; 0; 0; 0,00069; 0,0058; 0,017; 0,032; 0,15; 0,36; 0,57; 0,84; 0,95; 0,99; 1; 1; 1; 1; 1; 
1982; 9; 0; 0; 0; 0; 0; 0; 0; 0; 0; 0; 0; 0; 0; 0; 0; 0; 0; 0; 0; 0; 0; 0; 0; 0; 0; 0; 0; 0; 0; 0; 0,0014; 0,073; 0,35; 0,69; 0,85; 0,93; 0,98; 0,99; 1; 1; 1; 1; 1; 1; 1; 1; 
1982; 10; 0; 0; 0; 0; 0; 0; 0; 0; 0; 0; 0; 0; 0; 0; 0; 0; 0; 0; 0; 0; 0; 0; 0; 0; 0,0015; 0,048; 0,38; 0,83; 0,92; 0,97; 0,99; 1; 1; 1; 1; 1; 1; 1; 1; 1; 1; 1; 1; 1; 1; 1; 
1982; 11; 0; 0; 0; 0; 0; 0; 0; 0; 0; 0; 0; 0; 0; 0; 0; 0; 0; 0; 0; 0,00096; 0,015; 0,1; 0,46; 0,89; 0,96; 0,99; 1; 1; 1; 1; 1; 1; 1; 1; 1; 1; 1; 1; 1; 1; 1; 1; 1; 1; 1; 1; 
1982; 12; 0; 0; 0; 0; 0; 0; 0; 0; 0; 0; 0; 0; 0; 0; 0; 0; 0; 0; 0,0023; 0,0085; 0,023; 0,24; 0,77; 0,89; 0,96; 1; 1; 1; 1; 1; 1; 1; 1; 1; 1; 1; 1; 1; 1; 1; 1; 1; 1; 1; 1; 1; 
1983; 1; 0; 0; 0; 0; 0; 0; 0; 0; 0; 0; 0; 0; 0; 0; 0; 0,00069; 0,019; 0,12; 0,31; 0,57; 0,77; 0,94; 1; 1; 1; 1; 1; 1; 1; 1; 1; 1; 1; 1; 1; 1; 1; 1; 1; 1; 1; 1; 1; 1; 1; 1; 
1983; 2; 0; 0; 0; 0; 0; 0; 0; 0; 0; 0; 0; 0; 0,0015; 0,0055; 0,012; 0,04; 0,3; 0,59; 0,8; 0,91; 0,97; 1; 1; 1; 1; 1; 1; 1; 1; 1; 1; 1; 1; 1; 1; 1; 1; 1; 1; 1; 1; 1; 1; 1; 1; 1; 
1983; 3; 0; 0; 0; 0; 0; 0; 0; 0; 0; 0; 0; 0; 0; 0; 0; 0; 0; 0,00055; 0,052; 0,16; 0,36; 0,56; 0,85; 0,99; 1; 1; 1; 1; 1; 1; 1; 1; 1; 1; 1; 1; 1; 1; 1; 1; 1; 1; 1; 1; 1; 1; 
1983; 4; 0; 0; 0; 0; 0; 0; 0; 0; 0; 0; 0; 0; 0; 0; 0; 0; 0; 0; 0; 0; 0; 0; 0; 0; 0,0016; 0,0062; 0,013; 0,032; 0,42; 0,86; 0,98; 1; 1; 1; 1; 1; 1; 1; 1; 1; 1; 1; 1; 1; 1; 1; 
1983; 5; 0; 0; 0; 0; 0; 0; 0; 0; 0; 0; 0; 0; 0; 0; 0; 0; 0; 0; 0; 0; 0; 0; 0; 0; 0; 0; 0; 0; 0,00041; 0,0037; 0,0097; 0,021; 0,033; 0,12; 0,43; 0,87; 0,99; 1; 1; 1; 1; 1; 1; 1; 1; 1; 
1983; 6; 0; 0; 0; 0; 0; 0; 0; 0; 0; 0; 0; 0; 0; 0; 0; 0; 0; 0; 0; 0; 0; 0; 0; 0; 0; 0; 0; 0; 0; 0,0011; 0,0045; 0,014; 0,025; 0,092; 0,29; 0,51; 0,81; 0,93; 0,99; 1; 1; 1; 1; 1; 1; 1; 
1983; 7; 0; 0; 0; 0; 0; 0; 0; 0; 0; 0; 0; 0; 0; 0; 0; 0; 0; 0; 0; 0; 0; 0; 0; 0; 0; 0; 0; 0; 0; 0; 0; 0; 0,0034; 0,011; 0,023; 0,057; 0,34; 0,55; 0,7; 0,85; 0,96; 1; 1; 1; 1; 1; 
1983; 8; 0; 0; 0; 0; 0; 0; 0; 0; 0; 0; 0; 0; 0; 0; 0; 0; 0; 0; 0; 0; 0; 0; 0; 0; 0; 0; 0; 0; 0; 0; 0,00041; 0,0044; 0,014; 0,028; 0,14; 0,45; 0,64; 0,85; 0,95; 0,99; 1; 1; 1; 1; 1; 1; 
1983; 9; 0; 0; 0; 0; 0; 0; 0; 0; 0; 0; 0; 0; 0; 0; 0; 0; 0; 0; 0; 0; 0; 0; 0; 0; 0; 0; 0; 0,00014; 0,003; 0,013; 0,044; 0,15; 0,53; 0,81; 0,9; 0,96; 0,99; 1; 1; 1; 1; 1; 1; 1; 1; 1; 
1983; 10; 0; 0; 0; 0; 0; 0; 0; 0; 0; 0; 0; 0; 0; 0; 0; 0; 0; 0; 0; 0; 0; 0; 0,00082; 0,004; 0,012; 0,066; 0,39; 0,85; 0,93; 0,98; 1; 1; 1; 1; 1; 1; 1; 1; 1; 1; 1; 1; 1; 1; 1; 1; 
1983; 11; 0; 0; 0; 0; 0; 0; 0; 0; 0; 0; 0; 0; 0; 0; 0; 0,00055; 0,0048; 0,014; 0,029; 0,14; 0,68; 0,9; 0,96; 0,99; 1; 1; 1; 1; 1; 1; 1; 1; 1; 1; 1; 1; 1; 1; 1; 1; 1; 1; 1; 1; 1; 1; 
1983; 12; 0; 0; 0; 0; 0; 0; 0; 0; 0; 0; 0; 0; 0; 0; 0,0016; 0,011; 0,042; 0,25; 0,73; 0,9; 0,95; 0,98; 1; 1; 1; 1; 1; 1; 1; 1; 1; 1; 1; 1; 1; 1; 1; 1; 1; 1; 1; 1; 1; 1; 1; 1; 
1984; 1; 0; 0; 0; 0; 0; 0; 0; 0; 0; 0; 0; 0; 0; 0; 0,0014; 0,0067; 0,071; 0,27; 0,66; 0,8; 0,87; 0,92; 0,97; 0,99; 1; 1; 1; 1; 1; 1; 1; 1; 1; 1; 1; 1; 1; 1; 1; 1; 1; 1; 1; 1; 1; 1; 
1984; 2; 0; 0; 0; 0; 0; 0; 0; 0; 0,00027; 0,018; 0,064; 0,14; 0,21; 0,28; 0,41; 0,6; 0,75; 0,86; 0,93; 0,96; 1; 1; 1; 1; 1; 1; 1; 1; 1; 1; 1; 1; 1; 1; 1; 1; 1; 1; 1; 1; 1; 1; 1; 1; 1; 1; 
1984; 3; 0; 0; 0; 0; 0; 0; 0; 0; 0; 0; 0; 0; 0; 0; 0; 0,0015; 0,0058; 0,013; 0,11; 0,29; 0,52; 0,83; 0,93; 0,99; 1; 1; 1; 1; 1; 1; 1; 1; 1; 1; 1; 1; 1; 1; 1; 1; 1; 1; 1; 1; 1; 1; 
1984; 4; 0; 0; 0; 0; 0; 0; 0; 0; 0; 0; 0; 0; 0; 0; 0; 0; 0; 0; 0; 0; 0,00055; 0,0037; 0,0092; 0,016; 0,025; 0,17; 0,48; 0,79; 0,98; 1; 1; 1; 1; 1; 1; 1; 1; 1; 1; 1; 1; 1; 1; 1; 1; 1; 
1984; 5; 0; 0; 0; 0; 0; 0; 0; 0; 0; 0; 0; 0; 0; 0; 0; 0; 0; 0; 0; 0; 0; 0; 0; 0; 0; 0; 0; 0,00041; 0,0043; 0,011; 0,022; 0,035; 0,25; 0,46; 0,75; 0,97; 1; 1; 1; 1; 1; 1; 1; 1; 1; 1; 
1984; 6; 0; 0; 0; 0; 0; 0; 0; 0; 0; 0; 0; 0; 0; 0; 0; 0; 0; 0; 0; 0; 0; 0; 0; 0; 0; 0; 0; 0; 0,0025; 0,0069; 0,017; 0,027; 0,047; 0,31; 0,49; 0,74; 0,91; 0,99; 1; 1; 1; 1; 1; 1; 1; 1; 
1984; 7; 0; 0; 0; 0; 0; 0; 0; 0; 0; 0; 0; 0; 0; 0; 0; 0; 0; 0; 0; 0; 0; 0; 0; 0; 0; 0; 0; 0; 0; 0,0016; 0,0055; 0,014; 0,025; 0,04; 0,27; 0,42; 0,55; 0,72; 0,92; 0,99; 1; 1; 1; 1; 1; 1; 
1984; 8; 0; 0; 0; 0; 0; 0; 0; 0; 0; 0; 0; 0; 0; 0; 0; 0; 0; 0; 0; 0; 0; 0; 0; 0; 0; 0; 0; 0; 0; 0,00096; 0,0047; 0,013; 0,025; 0,078; 0,34; 0,5; 0,74; 0,92; 0,98; 1; 1; 1; 1; 1; 1; 1; 
1984; 9; 0; 0; 0; 0; 0; 0; 0; 0; 0; 0; 0; 0; 0; 0; 0; 0; 0; 0; 0; 0; 0; 0; 0; 0; 0; 0; 0; 0; 0,0015; 0,0058; 0,014; 0,033; 0,17; 0,62; 0,84; 0,91; 0,97; 0,99; 1; 1; 1; 1; 1; 1; 1; 1; 
1984; 10; 0; 0; 0; 0; 0; 0; 0; 0; 0; 0; 0; 0; 0; 0; 0; 0; 0; 0; 0; 0; 0; 0; 0; 0; 0; 0,0051; 0,042; 0,18; 0,43; 0,79; 0,89; 0,95; 0,99; 1; 1; 1; 1; 1; 1; 1; 1; 1; 1; 1; 1; 1; 
1984; 11; 0; 0; 0; 0; 0; 0; 0; 0; 0; 0; 0; 0; 0; 0; 0; 0; 0; 0; 0,0074; 0,11; 0,35; 0,72; 0,88; 0,93; 0,97; 0,99; 1; 1; 1; 1; 1; 1; 1; 1; 1; 1; 1; 1; 1; 1; 1; 1; 1; 1; 1; 1; 
1984; 12; 0; 0; 0; 0; 0; 0; 0; 0; 0; 0; 0,00027; 0,023; 0,084; 0,18; 0,3; 0,49; 0,64; 0,82; 0,94; 0,98; 1; 1; 1; 1; 1; 1; 1; 1; 1; 1; 1; 1; 1; 1; 1; 1; 1; 1; 1; 1; 1; 1; 1; 1; 1; 1; 
1985; 1; 0; 0; 0; 0; 0; 0; 0; 0,022; 0,19; 0,39; 0,5; 0,59; 0,68; 0,76; 0,84; 0,92; 0,96; 0,97; 0,98; 1; 1; 1; 1; 1; 1; 1; 1; 1; 1; 1; 1; 1; 1; 1; 1; 1; 1; 1; 1; 1; 1; 1; 1; 1; 1; 1; 
1985; 2; 0; 0; 0; 0,007; 0,042; 0,22; 0,54; 0,77; 0,88; 0,94; 0,98; 0,99; 1; 1; 1; 1; 1; 1; 1; 1; 1; 1; 1; 1; 1; 1; 1; 1; 1; 1; 1; 1; 1; 1; 1; 1; 1; 1; 1; 1; 1; 1; 1; 1; 1; 1; 
1985; 3; 0; 0; 0; 0; 0; 0; 0; 0; 0; 0; 0; 0; 0,0027; 0,044; 0,21; 0,48; 0,61; 0,72; 0,8; 0,92; 0,98; 0,99; 0,99; 1; 1; 1; 1; 1; 1; 1; 1; 1; 1; 1; 1; 1; 1; 1; 1; 1; 1; 1; 1; 1; 1; 1; 
1985; 4; 0; 0; 0; 0; 0; 0; 0; 0; 0; 0; 0; 0; 0; 0; 0; 0; 0; 0; 0; 0; 0; 0; 0,0022; 0,0058; 0,014; 0,042; 0,33; 0,76; 0,97; 0,99; 1; 1; 1; 1; 1; 1; 1; 1; 1; 1; 1; 1; 1; 1; 1; 1; 
1985; 5; 0; 0; 0; 0; 0; 0; 0; 0; 0; 0; 0; 0; 0; 0; 0; 0; 0; 0; 0; 0; 0; 0; 0; 0; 0; 0; 0; 0; 0,0025; 0,0078; 0,02; 0,03; 0,094; 0,4; 0,6; 0,96; 1; 1; 1; 1; 1; 1; 1; 1; 1; 1; 
1985; 6; 0; 0; 0; 0; 0; 0; 0; 0; 0; 0; 0; 0; 0; 0; 0; 0; 0; 0; 0; 0; 0; 0; 0; 0; 0; 0; 0; 0; 0,0022; 0,006; 0,015; 0,026; 0,036; 0,11; 0,38; 0,63; 0,89; 0,99; 1; 1; 1; 1; 1; 1; 1; 1; 
1985; 7; 0; 0; 0; 0; 0; 0; 0; 0; 0; 0; 0; 0; 0; 0; 0; 0; 0; 0; 0; 0; 0; 0; 0; 0; 0; 0; 0; 0; 0; 0; 0,00027; 0,0037; 0,01; 0,022; 0,065; 0,32; 0,56; 0,82; 0,96; 1; 1; 1; 1; 1; 1; 1; 
1985; 8; 0; 0; 0; 0; 0; 0; 0; 0; 0; 0; 0; 0; 0; 0; 0; 0; 0; 0; 0; 0; 0; 0; 0; 0; 0; 0; 0; 0; 0; 0; 0; 0; 0,0022; 0,0082; 0,02; 0,031; 0,19; 0,41; 0,58; 0,8; 0,92; 0,98; 1; 1; 1; 1; 
1985; 9; 0; 0; 0; 0; 0; 0; 0; 0; 0; 0; 0; 0; 0; 0; 0; 0; 0; 0; 0; 0; 0; 0; 0; 0; 0; 0; 0,0011; 0,0052; 0,015; 0,026; 0,19; 0,51; 0,88; 0,97; 1; 1; 1; 1; 1; 1; 1; 1; 1; 1; 1; 1; 
1985; 10; 0; 0; 0; 0; 0; 0; 0; 0; 0; 0; 0; 0; 0; 0; 0; 0; 0; 0; 0; 0; 0; 0; 0,00096; 0,0052; 0,015; 0,03; 0,34; 0,88; 0,98; 1; 1; 1; 1; 1; 1; 1; 1; 1; 1; 1; 1; 1; 1; 1; 1; 1; 
1985; 11; 0; 0; 0; 0; 0; 0; 0; 0; 0; 0; 0; 0; 0; 0; 0; 0; 0,0051; 0,068; 0,17; 0,38; 0,68; 0,82; 0,89; 0,94; 0,97; 0,99; 1; 1; 1; 1; 1; 1; 1; 1; 1; 1; 1; 1; 1; 1; 1; 1; 1; 1; 1; 1; 
1985; 12; 0; 0; 0; 0; 0; 0; 0; 0; 0; 0; 0; 0; 0; 0; 0,0086; 0,057; 0,17; 0,3; 0,45; 0,67; 0,85; 0,96; 0,99; 1; 1; 1; 1; 1; 1; 1; 1; 1; 1; 1; 1; 1; 1; 1; 1; 1; 1; 1; 1; 1; 1; 1; 
1986; 1; 0; 0; 0; 0; 0; 0; 0; 0; 0; 0; 0; 0; 0; 0,0011; 0,0064; 0,048; 0,15; 0,54; 0,75; 0,85; 0,91; 0,96; 0,98; 0,99; 1; 1; 1; 1; 1; 1; 1; 1; 1; 1; 1; 1; 1; 1; 1; 1; 1; 1; 1; 1; 1; 1; 
1986; 2; 0; 0; 0; 0; 0; 0,0056; 0,021; 0,068; 0,15; 0,29; 0,48; 0,64; 0,77; 0,85; 0,9; 0,93; 0,96; 0,99; 1; 1; 1; 1; 1; 1; 1; 1; 1; 1; 1; 1; 1; 1; 1; 1; 1; 1; 1; 1; 1; 1; 1; 1; 1; 1; 1; 1; 
1986; 3; 0; 0; 0; 0; 0; 0; 0; 0; 0; 0; 0; 0; 0; 0; 0; 0; 0; 0,00041; 0,064; 0,26; 0,77; 0,92; 0,99; 1; 1; 1; 1; 1; 1; 1; 1; 1; 1; 1; 1; 1; 1; 1; 1; 1; 1; 1; 1; 1; 1; 1; 
1986; 4; 0; 0; 0; 0; 0; 0; 0; 0; 0; 0; 0; 0; 0; 0; 0; 0; 0; 0; 0; 0; 0; 0; 0; 0; 0,003; 0,009; 0,022; 0,3; 0,58; 0,89; 0,99; 1; 1; 1; 1; 1; 1; 1; 1; 1; 1; 1; 1; 1; 1; 1; 
1986; 5; 0; 0; 0; 0; 0; 0; 0; 0; 0; 0; 0; 0; 0; 0; 0; 0; 0; 0; 0; 0; 0; 0; 0; 0; 0; 0; 0; 0; 0,0043; 0,013; 0,032; 0,26; 0,65; 0,93; 0,98; 1; 1; 1; 1; 1; 1; 1; 1; 1; 1; 1; 
1986; 6; 0; 0; 0; 0; 0; 0; 0; 0; 0; 0; 0; 0; 0; 0; 0; 0; 0; 0; 0; 0; 0; 0; 0; 0; 0; 0; 0; 0; 0; 0,00014; 0,0034; 0,0088; 0,019; 0,029; 0,063; 0,28; 0,41; 0,66; 0,93; 0,99; 1; 1; 1; 1; 1; 1; 
1986; 7; 0; 0; 0; 0; 0; 0; 0; 0; 0; 0; 0; 0; 0; 0; 0; 0; 0; 0; 0; 0; 0; 0; 0; 0; 0; 0; 0; 0; 0; 0; 0,00041; 0,004; 0,012; 0,023; 0,054; 0,26; 0,46; 0,68; 0,86; 0,97; 1; 1; 1; 1; 1; 1; 
1986; 8; 0; 0; 0; 0; 0; 0; 0; 0; 0; 0; 0; 0; 0; 0; 0; 0; 0; 0; 0; 0; 0; 0; 0; 0; 0; 0; 0; 0; 0; 0; 0; 0; 0,0037; 0,0095; 0,019; 0,032; 0,18; 0,55; 0,76; 0,88; 0,97; 1; 1; 1; 1; 1; 
1986; 9; 0; 0; 0; 0; 0; 0; 0; 0; 0; 0; 0; 0; 0; 0; 0; 0; 0; 0; 0; 0; 0; 0; 0; 0; 0; 0; 0; 0,0012; 0,0063; 0,039; 0,27; 0,54; 0,72; 0,84; 0,93; 0,98; 1; 1; 1; 1; 1; 1; 1; 1; 1; 1; 
1986; 10; 0; 0; 0; 0; 0; 0; 0; 0; 0; 0; 0; 0; 0; 0; 0; 0; 0; 0; 0; 0; 0; 0,0011; 0,0063; 0,016; 0,054; 0,43; 0,72; 0,87; 0,94; 0,98; 1; 1; 1; 1; 1; 1; 1; 1; 1; 1; 1; 1; 1; 1; 1; 1; 
1986; 11; 0; 0; 0; 0; 0; 0; 0; 0; 0; 0; 0; 0; 0; 0; 0; 0; 0; 0,0058; 0,049; 0,12; 0,27; 0,47; 0,64; 0,92; 1; 1; 1; 1; 1; 1; 1; 1; 1; 1; 1; 1; 1; 1; 1; 1; 1; 1; 1; 1; 1; 1; 
1986; 12; 0; 0; 0; 0; 0; 0; 0; 0; 0; 0; 0; 0; 0; 0,0032; 0,052; 0,23; 0,69; 0,88; 0,95; 0,97; 0,99; 1; 1; 1; 1; 1; 1; 1; 1; 1; 1; 1; 1; 1; 1; 1; 1; 1; 1; 1; 1; 1; 1; 1; 1; 1; 
1987; 1; 0,0056; 0,027; 0,084; 0,23; 0,39; 0,52; 0,61; 0,69; 0,76; 0,83; 0,88; 0,91; 0,94; 0,96; 0,97; 0,98; 0,99; 1; 1; 1; 1; 1; 1; 1; 1; 1; 1; 1; 1; 1; 1; 1; 1; 1; 1; 1; 1; 1; 1; 1; 1; 1; 1; 1; 1; 1; 
1987; 2; 0; 0; 0; 0; 0; 0; 0; 0; 0; 0; 0; 0; 0,0081; 0,092; 0,27; 0,56; 0,82; 0,94; 0,98; 1; 1; 1; 1; 1; 1; 1; 1; 1; 1; 1; 1; 1; 1; 1; 1; 1; 1; 1; 1; 1; 1; 1; 1; 1; 1; 1; 
1987; 3; 0; 0; 0; 0; 0; 0; 0; 0; 0; 0; 0,014; 0,13; 0,4; 0,64; 0,8; 0,92; 0,97; 0,99; 1; 1; 1; 1; 1; 1; 1; 1; 1; 1; 1; 1; 1; 1; 1; 1; 1; 1; 1; 1; 1; 1; 1; 1; 1; 1; 1; 1; 
1987; 4; 0; 0; 0; 0; 0; 0; 0; 0; 0; 0; 0; 0; 0; 0; 0; 0; 0; 0; 0; 0; 0,00014; 0,03; 0,16; 0,41; 0,73; 0,93; 0,99; 1; 1; 1; 1; 1; 1; 1; 1; 1; 1; 1; 1; 1; 1; 1; 1; 1; 1; 1; 
1987; 5; 0; 0; 0; 0; 0; 0; 0; 0; 0; 0; 0; 0; 0; 0; 0; 0; 0; 0; 0; 0; 0; 0; 0; 0; 0; 0,00027; 0,004; 0,011; 0,022; 0,038; 0,12; 0,38; 0,79; 0,99; 1; 1; 1; 1; 1; 1; 1; 1; 1; 1; 1; 1; 
1987; 6; 0; 0; 0; 0; 0; 0; 0; 0; 0; 0; 0; 0; 0; 0; 0; 0; 0; 0; 0; 0; 0; 0; 0; 0; 0; 0; 0; 0; 0; 0,00041; 0,0041; 0,01; 0,021; 0,036; 0,13; 0,33; 0,57; 0,89; 0,98; 1; 1; 1; 1; 1; 1; 1; 
1987; 7; 0; 0; 0; 0; 0; 0; 0; 0; 0; 0; 0; 0; 0; 0; 0; 0; 0; 0; 0; 0; 0; 0; 0; 0; 0; 0; 0; 0; 0; 0; 0; 0; 0,0014; 0,0063; 0,014; 0,057; 0,3; 0,52; 0,72; 0,84; 0,93; 0,99; 1; 1; 1; 1; 
1987; 8; 0; 0; 0; 0; 0; 0; 0; 0; 0; 0; 0; 0; 0; 0; 0; 0; 0; 0; 0; 0; 0; 0; 0; 0; 0; 0; 0; 0; 0; 0,0033; 0,009; 0,02; 0,032; 0,28; 0,52; 0,77; 0,88; 0,97; 1; 1; 1; 1; 1; 1; 1; 1; 
1987; 9; 0; 0; 0; 0; 0; 0; 0; 0; 0; 0; 0; 0; 0; 0; 0; 0; 0; 0; 0; 0; 0; 0; 0; 0; 0; 0; 0; 0; 0; 0,0056; 0,14; 0,62; 0,85; 0,93; 0,96; 0,99; 1; 1; 1; 1; 1; 1; 1; 1; 1; 1; 
1987; 10; 0; 0; 0; 0; 0; 0; 0; 0; 0; 0; 0; 0; 0; 0; 0; 0; 0; 0; 0; 0; 0; 0; 0,0012; 0,039; 0,16; 0,43; 0,74; 0,89; 0,95; 0,98; 1; 1; 1; 1; 1; 1; 1; 1; 1; 1; 1; 1; 1; 1; 1; 1; 
1987; 11; 0; 0; 0; 0; 0; 0; 0; 0; 0; 0; 0; 0; 0; 0; 0; 0; 0; 0; 0,0011; 0,028; 0,13; 0,25; 0,38; 0,64; 0,84; 0,9; 0,95; 0,99; 1; 1; 1; 1; 1; 1; 1; 1; 1; 1; 1; 1; 1; 1; 1; 1; 1; 1; 
1987; 12; 0; 0; 0; 0; 0; 0; 0; 0; 0; 0; 0; 0; 0,0022; 0,031; 0,11; 0,22; 0,39; 0,66; 0,87; 0,95; 0,99; 1; 1; 1; 1; 1; 1; 1; 1; 1; 1; 1; 1; 1; 1; 1; 1; 1; 1; 1; 1; 1; 1; 1; 1; 1; 
1988; 1; 0; 0; 0; 0; 0; 0; 0; 0; 0; 0; 0; 0,018; 0,093; 0,2; 0,33; 0,46; 0,57; 0,68; 0,82; 0,92; 0,98; 0,99; 1; 1; 1; 1; 1; 1; 1; 1; 1; 1; 1; 1; 1; 1; 1; 1; 1; 1; 1; 1; 1; 1; 1; 1; 
1988; 2; 0; 0; 0; 0; 0; 0; 0; 0; 0; 0; 0; 0,00041; 0,021; 0,057; 0,13; 0,25; 0,39; 0,7; 0,83; 0,94; 0,99; 0,99; 1; 1; 1; 1; 1; 1; 1; 1; 1; 1; 1; 1; 1; 1; 1; 1; 1; 1; 1; 1; 1; 1; 1; 1; 
1988; 3; 0; 0; 0; 0; 0; 0; 0; 0; 0; 0; 0; 0; 0; 0; 0; 0; 0,0019; 0,0052; 0,013; 0,031; 0,25; 0,49; 0,79; 0,93; 0,99; 1; 1; 1; 1; 1; 1; 1; 1; 1; 1; 1; 1; 1; 1; 1; 1; 1; 1; 1; 1; 1; 
1988; 4; 0; 0; 0; 0; 0; 0; 0; 0; 0; 0; 0; 0; 0; 0; 0; 0; 0; 0; 0; 0; 0,00041; 0,0037; 0,0097; 0,021; 0,042; 0,33; 0,54; 0,89; 0,99; 1; 1; 1; 1; 1; 1; 1; 1; 1; 1; 1; 1; 1; 1; 1; 1; 1; 
1988; 5; 0; 0; 0; 0; 0; 0; 0; 0; 0; 0; 0; 0; 0; 0; 0; 0; 0; 0; 0; 0; 0; 0; 0; 0; 0; 0; 0; 0,0016; 0,0062; 0,015; 0,028; 0,074; 0,69; 0,95; 0,99; 1; 1; 1; 1; 1; 1; 1; 1; 1; 1; 1; 
1988; 6; 0; 0; 0; 0; 0; 0; 0; 0; 0; 0; 0; 0; 0; 0; 0; 0; 0; 0; 0; 0; 0; 0; 0; 0; 0; 0; 0; 0; 0; 0,0015; 0,0048; 0,013; 0,023; 0,031; 0,053; 0,12; 0,35; 0,66; 0,96; 1; 1; 1; 1; 1; 1; 1; 
1988; 7; 0; 0; 0; 0; 0; 0; 0; 0; 0; 0; 0; 0; 0; 0; 0; 0; 0; 0; 0; 0; 0; 0; 0; 0; 0; 0; 0; 0; 0; 0; 0; 0; 0; 0,0023; 0,0081; 0,021; 0,035; 0,11; 0,3; 0,5; 0,78; 0,95; 0,99; 1; 1; 1; 
1988; 8; 0; 0; 0; 0; 0; 0; 0; 0; 0; 0; 0; 0; 0; 0; 0; 0; 0; 0; 0; 0; 0; 0; 0; 0; 0; 0; 0; 0; 0; 0; 0; 0,0018; 0,0071; 0,02; 0,049; 0,31; 0,55; 0,76; 0,88; 0,97; 0,99; 1; 1; 1; 1; 1; 
1988; 9; 0; 0; 0; 0; 0; 0; 0; 0; 0; 0; 0; 0; 0; 0; 0; 0; 0; 0; 0; 0; 0; 0; 0; 0; 0; 0; 0; 0; 0,0012; 0,0045; 0,014; 0,039; 0,36; 0,78; 0,92; 0,98; 1; 1; 1; 1; 1; 1; 1; 1; 1; 1; 
1988; 10; 0; 0; 0; 0; 0; 0; 0; 0; 0; 0; 0; 0; 0; 0; 0; 0; 0; 0; 0; 0; 0; 0; 0,0043; 0,033; 0,33; 0,67; 0,82; 0,9; 0,95; 0,99; 1; 1; 1; 1; 1; 1; 1; 1; 1; 1; 1; 1; 1; 1; 1; 1; 
1988; 11; 0; 0; 0; 0; 0; 0; 0; 0; 0; 0; 0; 0; 0; 0,0026; 0,01; 0,049; 0,16; 0,59; 0,85; 0,93; 0,97; 0,99; 1; 1; 1; 1; 1; 1; 1; 1; 1; 1; 1; 1; 1; 1; 1; 1; 1; 1; 1; 1; 1; 1; 1; 1; 
1988; 12; 0; 0; 0; 0; 0; 0; 0; 0; 0; 0; 0; 0; 0; 0,029; 0,13; 0,27; 0,42; 0,63; 0,78; 0,92; 0,98; 1; 1; 1; 1; 1; 1; 1; 1; 1; 1; 1; 1; 1; 1; 1; 1; 1; 1; 1; 1; 1; 1; 1; 1; 1; 
1989; 1; 0; 0; 0; 0; 0; 0; 0; 0; 0; 0; 0; 0; 0; 0; 0; 0,0044; 0,013; 0,04; 0,13; 0,32; 0,6; 0,95; 1; 1; 1; 1; 1; 1; 1; 1; 1; 1; 1; 1; 1; 1; 1; 1; 1; 1; 1; 1; 1; 1; 1; 1; 
1989; 2; 0; 0; 0; 0; 0; 0; 0; 0; 0; 0; 0; 0; 0; 0; 0; 0; 0,00041; 0,0027; 0,0095; 0,02; 0,11; 0,3; 0,87; 0,99; 1; 1; 1; 1; 1; 1; 1; 1; 1; 1; 1; 1; 1; 1; 1; 1; 1; 1; 1; 1; 1; 1; 
1989; 3; 0; 0; 0; 0; 0; 0; 0; 0; 0; 0; 0; 0; 0; 0; 0; 0; 0; 0; 0; 0,00041; 0,0043; 0,012; 0,028; 0,31; 0,76; 0,96; 0,99; 1; 1; 1; 1; 1; 1; 1; 1; 1; 1; 1; 1; 1; 1; 1; 1; 1; 1; 1; 
1989; 4; 0; 0; 0; 0; 0; 0; 0; 0; 0; 0; 0; 0; 0; 0; 0; 0; 0; 0; 0; 0; 0; 0; 0; 0; 0; 0,0036; 0,0099; 0,13; 0,68; 0,88; 0,97; 1; 1; 1; 1; 1; 1; 1; 1; 1; 1; 1; 1; 1; 1; 1; 
1989; 5; 0; 0; 0; 0; 0; 0; 0; 0; 0; 0; 0; 0; 0; 0; 0; 0; 0; 0; 0; 0; 0; 0; 0; 0; 0; 0; 0,0022; 0,0064; 0,014; 0,024; 0,055; 0,4; 0,86; 0,96; 0,99; 1; 1; 1; 1; 1; 1; 1; 1; 1; 1; 1; 
1989; 6; 0; 0; 0; 0; 0; 0; 0; 0; 0; 0; 0; 0; 0; 0; 0; 0; 0; 0; 0; 0; 0; 0; 0; 0; 0; 0; 0; 0; 0; 0,0015; 0,0044; 0,013; 0,024; 0,036; 0,1; 0,25; 0,36; 0,74; 0,99; 1; 1; 1; 1; 1; 1; 1; 
1989; 7; 0; 0; 0; 0; 0; 0; 0; 0; 0; 0; 0; 0; 0; 0; 0; 0; 0; 0; 0; 0; 0; 0; 0; 0; 0; 0; 0; 0; 0; 0; 0,00069; 0,0038; 0,011; 0,023; 0,059; 0,28; 0,43; 0,75; 0,91; 0,97; 1; 1; 1; 1; 1; 1; 
1989; 8; 0; 0; 0; 0; 0; 0; 0; 0; 0; 0; 0; 0; 0; 0; 0; 0; 0; 0; 0; 0; 0; 0; 0; 0; 0; 0; 0; 0; 0; 0; 0; 0,00041; 0,0043; 0,013; 0,027; 0,12; 0,35; 0,58; 0,74; 0,88; 0,96; 0,99; 1; 1; 1; 1; 
1989; 9; 0; 0; 0; 0; 0; 0; 0; 0; 0; 0; 0; 0; 0; 0; 0; 0; 0; 0; 0; 0; 0; 0; 0; 0; 0; 0; 0; 0,00041; 0,0045; 0,013; 0,025; 0,063; 0,33; 0,58; 0,86; 0,97; 1; 1; 1; 1; 1; 1; 1; 1; 1; 1; 
1989; 10; 0; 0; 0; 0; 0; 0; 0; 0; 0; 0; 0; 0; 0; 0; 0; 0; 0; 0; 0; 0; 0; 0; 0; 0; 0,0011; 0,0051; 0,024; 0,16; 0,72; 0,93; 0,98; 1; 1; 1; 1; 1; 1; 1; 1; 1; 1; 1; 1; 1; 1; 1; 
1989; 11; 0; 0; 0; 0; 0; 0; 0; 0; 0; 0; 0; 0; 0; 0; 0; 0; 0,00096; 0,0056; 0,036; 0,15; 0,52; 0,81; 0,9; 0,96; 0,99; 1; 1; 1; 1; 1; 1; 1; 1; 1; 1; 1; 1; 1; 1; 1; 1; 1; 1; 1; 1; 1; 
1989; 12; 0; 0; 0; 0; 0; 0; 0; 0; 0; 0; 0; 0; 0; 0; 0; 0,0011; 0,0049; 0,052; 0,22; 0,63; 0,9; 0,97; 1; 1; 1; 1; 1; 1; 1; 1; 1; 1; 1; 1; 1; 1; 1; 1; 1; 1; 1; 1; 1; 1; 1; 1; 
1990; 1; 0; 0; 0; 0; 0; 0; 0; 0; 0; 0; 0; 0; 0; 0; 0; 0,0016; 0,015; 0,08; 0,2; 0,42; 0,8; 0,99; 1; 1; 1; 1; 1; 1; 1; 1; 1; 1; 1; 1; 1; 1; 1; 1; 1; 1; 1; 1; 1; 1; 1; 1; 
1990; 2; 0; 0; 0; 0; 0; 0; 0; 0; 0; 0; 0; 0; 0; 0; 0; 0; 0; 0; 0,0027; 0,014; 0,078; 0,21; 0,68; 0,97; 1; 1; 1; 1; 1; 1; 1; 1; 1; 1; 1; 1; 1; 1; 1; 1; 1; 1; 1; 1; 1; 1; 
1990; 3; 0; 0; 0; 0; 0; 0; 0; 0; 0; 0; 0; 0; 0; 0; 0; 0; 0; 0; 0; 0; 0,0015; 0,0071; 0,024; 0,22; 0,79; 0,95; 0,99; 1; 1; 1; 1; 1; 1; 1; 1; 1; 1; 1; 1; 1; 1; 1; 1; 1; 1; 1; 
1990; 4; 0; 0; 0; 0; 0; 0; 0; 0; 0; 0; 0; 0; 0; 0; 0; 0; 0; 0; 0; 0; 0; 0; 0,0018; 0,0056; 0,014; 0,024; 0,1; 0,47; 0,86; 0,99; 1; 1; 1; 1; 1; 1; 1; 1; 1; 1; 1; 1; 1; 1; 1; 1; 
1990; 5; 0; 0; 0; 0; 0; 0; 0; 0; 0; 0; 0; 0; 0; 0; 0; 0; 0; 0; 0; 0; 0; 0; 0; 0; 0; 0; 0,0015; 0,0062; 0,02; 0,081; 0,32; 0,8; 0,95; 0,99; 1; 1; 1; 1; 1; 1; 1; 1; 1; 1; 1; 1; 
1990; 6; 0; 0; 0; 0; 0; 0; 0; 0; 0; 0; 0; 0; 0; 0; 0; 0; 0; 0; 0; 0; 0; 0; 0; 0; 0; 0; 0; 0; 0,0018; 0,0053; 0,015; 0,025; 0,045; 0,16; 0,41; 0,73; 0,9; 0,98; 1; 1; 1; 1; 1; 1; 1; 1; 
1990; 7; 0; 0; 0; 0; 0; 0; 0; 0; 0; 0; 0; 0; 0; 0; 0; 0; 0; 0; 0; 0; 0; 0; 0; 0; 0; 0; 0; 0; 0; 0; 0,00096; 0,0043; 0,013; 0,024; 0,048; 0,3; 0,49; 0,7; 0,87; 0,96; 0,99; 1; 1; 1; 1; 1; 
1990; 8; 0; 0; 0; 0; 0; 0; 0; 0; 0; 0; 0; 0; 0; 0; 0; 0; 0; 0; 0; 0; 0; 0; 0; 0; 0; 0; 0; 0; 0; 0; 0; 0,0025; 0,011; 0,028; 0,18; 0,49; 0,78; 0,9; 0,96; 0,99; 1; 1; 1; 1; 1; 1; 
1990; 9; 0; 0; 0; 0; 0; 0; 0; 0; 0; 0; 0; 0; 0; 0; 0; 0; 0; 0; 0; 0; 0; 0; 0; 0; 0; 0,0011; 0,0041; 0,011; 0,02; 0,056; 0,36; 0,62; 0,81; 0,91; 0,97; 1; 1; 1; 1; 1; 1; 1; 1; 1; 1; 1; 
1990; 10; 0; 0; 0; 0; 0; 0; 0; 0; 0; 0; 0; 0; 0; 0; 0; 0; 0; 0; 0; 0; 0; 0; 0; 0,00041; 0,0064; 0,028; 0,44; 0,85; 0,93; 0,97; 0,99; 1; 1; 1; 1; 1; 1; 1; 1; 1; 1; 1; 1; 1; 1; 1; 
1990; 11; 0; 0; 0; 0; 0; 0; 0; 0; 0; 0; 0; 0; 0; 0; 0; 0; 0; 0; 0; 0; 0; 0,0022; 0,0078; 0,019; 0,1; 0,52; 0,8; 0,91; 0,97; 1; 1; 1; 1; 1; 1; 1; 1; 1; 1; 1; 1; 1; 1; 1; 1; 1; 
1990; 12; 0; 0; 0; 0; 0; 0; 0; 0; 0; 0; 0; 0; 0; 0; 0; 0,0023; 0,0085; 0,053; 0,38; 0,76; 0,88; 0,93; 0,96; 0,99; 1; 1; 1; 1; 1; 1; 1; 1; 1; 1; 1; 1; 1; 1; 1; 1; 1; 1; 1; 1; 1; 1; 
1991; 1; 0; 0; 0; 0; 0; 0; 0; 0; 0; 0; 0; 0; 0; 0; 0,00014; 0,0026; 0,068; 0,21; 0,63; 0,89; 0,96; 1; 1; 1; 1; 1; 1; 1; 1; 1; 1; 1; 1; 1; 1; 1; 1; 1; 1; 1; 1; 1; 1; 1; 1; 1; 
1991; 2; 0; 0; 0; 0; 0; 0; 0; 0; 0; 0; 0,00027; 0,023; 0,13; 0,42; 0,76; 0,89; 0,95; 0,98; 0,99; 1; 1; 1; 1; 1; 1; 1; 1; 1; 1; 1; 1; 1; 1; 1; 1; 1; 1; 1; 1; 1; 1; 1; 1; 1; 1; 1; 
1991; 3; 0; 0; 0; 0; 0; 0; 0; 0; 0; 0; 0; 0; 0; 0; 0; 0; 0,00014; 0,015; 0,093; 0,28; 0,56; 0,73; 0,9; 0,99; 0,99; 1; 1; 1; 1; 1; 1; 1; 1; 1; 1; 1; 1; 1; 1; 1; 1; 1; 1; 1; 1; 1; 
1991; 4; 0; 0; 0; 0; 0; 0; 0; 0; 0; 0; 0; 0; 0; 0; 0; 0; 0; 0; 0; 0; 0; 0,0023; 0,0073; 0,018; 0,028; 0,084; 0,27; 0,55; 0,93; 0,99; 1; 1; 1; 1; 1; 1; 1; 1; 1; 1; 1; 1; 1; 1; 1; 1; 
1991; 5; 0; 0; 0; 0; 0; 0; 0; 0; 0; 0; 0; 0; 0; 0; 0; 0; 0; 0; 0; 0; 0; 0; 0; 0; 0,00041; 0,0041; 0,009; 0,019; 0,028; 0,074; 0,25; 0,6; 0,91; 0,99; 1; 1; 1; 1; 1; 1; 1; 1; 1; 1; 1; 1; 
1991; 6; 0; 0; 0; 0; 0; 0; 0; 0; 0; 0; 0; 0; 0; 0; 0; 0; 0; 0; 0; 0; 0; 0; 0; 0; 0; 0; 0; 0; 0; 0; 0,0023; 0,0082; 0,02; 0,044; 0,19; 0,3; 0,41; 0,64; 0,91; 0,99; 1; 1; 1; 1; 1; 1; 
1991; 7; 0; 0; 0; 0; 0; 0; 0; 0; 0; 0; 0; 0; 0; 0; 0; 0; 0; 0; 0; 0; 0; 0; 0; 0; 0; 0; 0; 0; 0; 0; 0; 0; 0; 0,0033; 0,0092; 0,021; 0,038; 0,18; 0,37; 0,58; 0,82; 0,95; 0,99; 1; 1; 1; 
1991; 8; 0; 0; 0; 0; 0; 0; 0; 0; 0; 0; 0; 0; 0; 0; 0; 0; 0; 0; 0; 0; 0; 0; 0; 0; 0; 0; 0; 0; 0; 0; 0; 0,0022; 0,0066; 0,014; 0,026; 0,07; 0,4; 0,71; 0,88; 0,96; 0,99; 1; 1; 1; 1; 1; 
1991; 9; 0; 0; 0; 0; 0; 0; 0; 0; 0; 0; 0; 0; 0; 0; 0; 0; 0; 0; 0; 0; 0; 0; 0; 0; 0; 0; 0; 0,00041; 0,0043; 0,013; 0,044; 0,34; 0,74; 0,88; 0,96; 0,99; 1; 1; 1; 1; 1; 1; 1; 1; 1; 1; 
1991; 10; 0; 0; 0; 0; 0; 0; 0; 0; 0; 0; 0; 0; 0; 0; 0; 0; 0; 0; 0; 0; 0; 0; 0,00041; 0,0032; 0,0082; 0,017; 0,034; 0,3; 0,51; 0,69; 0,87; 0,95; 0,99; 1; 1; 1; 1; 1; 1; 1; 1; 1; 1; 1; 1; 1; 
1991; 11; 0; 0; 0; 0; 0; 0; 0; 0; 0; 0; 0; 0; 0; 0; 0; 0; 0; 0; 0; 0; 0,0029; 0,082; 0,3; 0,7; 0,9; 0,95; 0,99; 1; 1; 1; 1; 1; 1; 1; 1; 1; 1; 1; 1; 1; 1; 1; 1; 1; 1; 1; 
1991; 12; 0; 0; 0; 0; 0; 0; 0; 0; 0; 0; 0; 0; 0,0023; 0,0077; 0,019; 0,063; 0,27; 0,74; 0,91; 0,97; 0,99; 1; 1; 1; 1; 1; 1; 1; 1; 1; 1; 1; 1; 1; 1; 1; 1; 1; 1; 1; 1; 1; 1; 1; 1; 1; 
1992; 1; 0; 0; 0; 0; 0; 0; 0; 0; 0; 0; 0; 0; 0,00014; 0,0043; 0,014; 0,028; 0,076; 0,36; 0,9; 0,98; 1; 1; 1; 1; 1; 1; 1; 1; 1; 1; 1; 1; 1; 1; 1; 1; 1; 1; 1; 1; 1; 1; 1; 1; 1; 1; 
1992; 2; 0; 0; 0; 0; 0; 0; 0; 0; 0; 0; 0; 0; 0,00014; 0,0018; 0,017; 0,079; 0,21; 0,53; 0,89; 0,99; 1; 1; 1; 1; 1; 1; 1; 1; 1; 1; 1; 1; 1; 1; 1; 1; 1; 1; 1; 1; 1; 1; 1; 1; 1; 1; 
1992; 3; 0; 0; 0; 0; 0; 0; 0; 0; 0; 0; 0; 0; 0; 0; 0; 0; 0; 0,0011; 0,0043; 0,011; 0,021; 0,032; 0,18; 0,79; 0,97; 1; 1; 1; 1; 1; 1; 1; 1; 1; 1; 1; 1; 1; 1; 1; 1; 1; 1; 1; 1; 1; 
1992; 4; 0; 0; 0; 0; 0; 0; 0; 0; 0; 0; 0; 0; 0; 0; 0; 0; 0; 0; 0; 0; 0; 0; 0,0018; 0,0055; 0,035; 0,43; 0,85; 0,96; 0,99; 1; 1; 1; 1; 1; 1; 1; 1; 1; 1; 1; 1; 1; 1; 1; 1; 1; 
1992; 5; 0; 0; 0; 0; 0; 0; 0; 0; 0; 0; 0; 0; 0; 0; 0; 0; 0; 0; 0; 0; 0; 0; 0; 0; 0; 0,00082; 0,0037; 0,011; 0,025; 0,11; 0,57; 0,88; 0,96; 0,99; 1; 1; 1; 1; 1; 1; 1; 1; 1; 1; 1; 1; 
1992; 6; 0; 0; 0; 0; 0; 0; 0; 0; 0; 0; 0; 0; 0; 0; 0; 0; 0; 0; 0; 0; 0; 0; 0; 0; 0; 0; 0; 0; 0; 0; 0,0015; 0,0045; 0,012; 0,022; 0,034; 0,33; 0,6; 0,86; 0,97; 1; 1; 1; 1; 1; 1; 1; 
1992; 7; 0; 0; 0; 0; 0; 0; 0; 0; 0; 0; 0; 0; 0; 0; 0; 0; 0; 0; 0; 0; 0; 0; 0; 0; 0; 0; 0; 0; 0; 0; 0; 0,00096; 0,0047; 0,013; 0,025; 0,16; 0,4; 0,67; 0,89; 0,97; 0,99; 1; 1; 1; 1; 1; 
1992; 8; 0; 0; 0; 0; 0; 0; 0; 0; 0; 0; 0; 0; 0; 0; 0; 0; 0; 0; 0; 0; 0; 0; 0; 0; 0; 0; 0; 0; 0; 0; 0; 0; 0; 0; 0,00055; 0,0044; 0,038; 0,15; 0,42; 0,78; 0,9; 0,96; 0,99; 1; 1; 1; 
1992; 9; 0; 0; 0; 0; 0; 0; 0; 0; 0; 0; 0; 0; 0; 0; 0; 0; 0; 0; 0; 0; 0; 0; 0; 0; 0; 0; 0,0011; 0,0049; 0,014; 0,028; 0,24; 0,51; 0,87; 0,96; 0,99; 1; 1; 1; 1; 1; 1; 1; 1; 1; 1; 1; 
1992; 10; 0; 0; 0; 0; 0; 0; 0; 0; 0; 0; 0; 0; 0; 0; 0; 0; 0; 0; 0; 0; 0; 0; 0,00041; 0,0049; 0,091; 0,44; 0,73; 0,84; 0,9; 0,95; 0,98; 1; 1; 1; 1; 1; 1; 1; 1; 1; 1; 1; 1; 1; 1; 1; 
1992; 11; 0; 0; 0; 0; 0; 0; 0; 0; 0; 0; 0; 0; 0; 0; 0; 0; 0; 0; 0; 0,00055; 0,025; 0,15; 0,54; 0,8; 0,93; 0,98; 1; 1; 1; 1; 1; 1; 1; 1; 1; 1; 1; 1; 1; 1; 1; 1; 1; 1; 1; 1; 
1992; 12; 0; 0; 0; 0; 0; 0; 0; 0; 0; 0; 0; 0; 0; 0,00082; 0,046; 0,18; 0,48; 0,77; 0,92; 0,98; 1; 1; 1; 1; 1; 1; 1; 1; 1; 1; 1; 1; 1; 1; 1; 1; 1; 1; 1; 1; 1; 1; 1; 1; 1; 1; 
1993; 1; 0; 0; 0; 0; 0; 0; 0; 0; 0; 0; 0; 0; 0; 0,00082; 0,0052; 0,017; 0,15; 0,45; 0,91; 0,98; 1; 1; 1; 1; 1; 1; 1; 1; 1; 1; 1; 1; 1; 1; 1; 1; 1; 1; 1; 1; 1; 1; 1; 1; 1; 1; 
1993; 2; 0; 0; 0; 0; 0; 0; 0; 0; 0; 0; 0,00069; 0,0036; 0,011; 0,016; 0,027; 0,09; 0,32; 0,88; 0,97; 0,99; 1; 1; 1; 1; 1; 1; 1; 1; 1; 1; 1; 1; 1; 1; 1; 1; 1; 1; 1; 1; 1; 1; 1; 1; 1; 1; 
1993; 3; 0; 0; 0; 0; 0; 0; 0; 0; 0; 0; 0; 0; 0; 0; 0; 0,00082; 0,0044; 0,013; 0,072; 0,48; 0,83; 0,93; 0,98; 1; 1; 1; 1; 1; 1; 1; 1; 1; 1; 1; 1; 1; 1; 1; 1; 1; 1; 1; 1; 1; 1; 1; 
1993; 4; 0; 0; 0; 0; 0; 0; 0; 0; 0; 0; 0; 0; 0; 0; 0; 0; 0; 0; 0; 0; 0; 0,00041; 0,004; 0,012; 0,026; 0,065; 0,57; 0,96; 1; 1; 1; 1; 1; 1; 1; 1; 1; 1; 1; 1; 1; 1; 1; 1; 1; 1; 
1993; 5; 0; 0; 0; 0; 0; 0; 0; 0; 0; 0; 0; 0; 0; 0; 0; 0; 0; 0; 0; 0; 0; 0; 0; 0; 0; 0; 0; 0,00027; 0,0034; 0,0095; 0,02; 0,044; 0,27; 0,74; 0,95; 0,99; 1; 1; 1; 1; 1; 1; 1; 1; 1; 1; 
1993; 6; 0; 0; 0; 0; 0; 0; 0; 0; 0; 0; 0; 0; 0; 0; 0; 0; 0; 0; 0; 0; 0; 0; 0; 0; 0; 0; 0; 0; 0; 0,0016; 0,0051; 0,015; 0,027; 0,24; 0,5; 0,81; 0,94; 0,98; 1; 1; 1; 1; 1; 1; 1; 1; 
1993; 7; 0; 0; 0; 0; 0; 0; 0; 0; 0; 0; 0; 0; 0; 0; 0; 0; 0; 0; 0; 0; 0; 0; 0; 0; 0; 0; 0; 0; 0; 0; 0,00069; 0,004; 0,01; 0,022; 0,042; 0,28; 0,63; 0,92; 0,98; 1; 1; 1; 1; 1; 1; 1; 
1993; 8; 0; 0; 0; 0; 0; 0; 0; 0; 0; 0; 0; 0; 0; 0; 0; 0; 0; 0; 0; 0; 0; 0; 0; 0; 0; 0; 0; 0; 0; 0; 0; 0,0027; 0,0092; 0,093; 0,31; 0,5; 0,65; 0,8; 0,91; 0,98; 1; 1; 1; 1; 1; 1; 
1993; 9; 0; 0; 0; 0; 0; 0; 0; 0; 0; 0; 0; 0; 0; 0; 0; 0; 0; 0; 0; 0; 0; 0; 0; 0; 0; 0; 0,00069; 0,0026; 0,032; 0,15; 0,45; 0,8; 0,9; 0,96; 0,99; 1; 1; 1; 1; 1; 1; 1; 1; 1; 1; 1; 
1993; 10; 0; 0; 0; 0; 0; 0; 0; 0; 0; 0; 0; 0; 0; 0; 0; 0; 0; 0; 0; 0; 0; 0; 0; 0; 0,0018; 0,1; 0,32; 0,66; 0,83; 0,93; 0,97; 0,99; 1; 1; 1; 1; 1; 1; 1; 1; 1; 1; 1; 1; 1; 1; 
1993; 11; 0; 0; 0; 0; 0; 0; 0; 0; 0; 0; 0; 0,04; 0,26; 0,43; 0,57; 0,69; 0,83; 0,9; 0,95; 0,98; 0,99; 1; 1; 1; 1; 1; 1; 1; 1; 1; 1; 1; 1; 1; 1; 1; 1; 1; 1; 1; 1; 1; 1; 1; 1; 1; 
1993; 12; 0; 0; 0; 0; 0; 0; 0; 0; 0; 0; 0; 0; 0; 0; 0; 0; 0; 0,015; 0,17; 0,3; 0,52; 0,87; 0,97; 1; 1; 1; 1; 1; 1; 1; 1; 1; 1; 1; 1; 1; 1; 1; 1; 1; 1; 1; 1; 1; 1; 1; 
1994; 1; 0; 0; 0; 0; 0; 0; 0; 0; 0; 0; 0; 0; 0; 0; 0; 0; 0; 0,0012; 0,0055; 0,072; 0,27; 0,78; 0,97; 1; 1; 1; 1; 1; 1; 1; 1; 1; 1; 1; 1; 1; 1; 1; 1; 1; 1; 1; 1; 1; 1; 1; 
1994; 2; 0; 0; 0; 0; 0; 0; 0; 0,00041; 0,011; 0,046; 0,12; 0,21; 0,28; 0,4; 0,56; 0,68; 0,8; 0,9; 0,97; 0,99; 1; 1; 1; 1; 1; 1; 1; 1; 1; 1; 1; 1; 1; 1; 1; 1; 1; 1; 1; 1; 1; 1; 1; 1; 1; 1; 
1994; 3; 0; 0; 0; 0; 0; 0; 0; 0; 0; 0; 0; 0; 0; 0; 0; 0; 0; 0,0048; 0,077; 0,19; 0,39; 0,61; 0,84; 0,97; 0,99; 1; 1; 1; 1; 1; 1; 1; 1; 1; 1; 1; 1; 1; 1; 1; 1; 1; 1; 1; 1; 1; 
1994; 4; 0; 0; 0; 0; 0; 0; 0; 0; 0; 0; 0; 0; 0; 0; 0; 0; 0; 0; 0; 0; 0; 0; 0; 0,0018; 0,0064; 0,016; 0,028; 0,23; 0,45; 0,88; 0,98; 1; 1; 1; 1; 1; 1; 1; 1; 1; 1; 1; 1; 1; 1; 1; 
1994; 5; 0; 0; 0; 0; 0; 0; 0; 0; 0; 0; 0; 0; 0; 0; 0; 0; 0; 0; 0; 0; 0; 0; 0; 0; 0; 0; 0,00041; 0,0043; 0,012; 0,027; 0,2; 0,65; 0,88; 0,96; 0,98; 1; 1; 1; 1; 1; 1; 1; 1; 1; 1; 1; 
1994; 6; 0; 0; 0; 0; 0; 0; 0; 0; 0; 0; 0; 0; 0; 0; 0; 0; 0; 0; 0; 0; 0; 0; 0; 0; 0; 0; 0; 0; 0; 0,0012; 0,0051; 0,019; 0,08; 0,26; 0,59; 0,86; 0,96; 0,99; 1; 1; 1; 1; 1; 1; 1; 1; 
1994; 7; 0; 0; 0; 0; 0; 0; 0; 0; 0; 0; 0; 0; 0; 0; 0; 0; 0; 0; 0; 0; 0; 0; 0; 0; 0; 0; 0; 0; 0; 0; 0; 0; 0; 0,0021; 0,011; 0,044; 0,26; 0,5; 0,76; 0,87; 0,95; 0,98; 0,99; 1; 1; 1; 
1994; 8; 0; 0; 0; 0; 0; 0; 0; 0; 0; 0; 0; 0; 0; 0; 0; 0; 0; 0; 0; 0; 0; 0; 0; 0; 0; 0; 0; 0; 0; 0; 0; 0; 0,0011; 0,0058; 0,023; 0,12; 0,48; 0,73; 0,87; 0,94; 0,98; 1; 1; 1; 1; 1; 
1994; 9; 0; 0; 0; 0; 0; 0; 0; 0; 0; 0; 0; 0; 0; 0; 0; 0; 0; 0; 0; 0; 0; 0; 0; 0; 0; 0; 0; 0; 0; 0; 0; 0,00069; 0,0043; 0,014; 0,19; 0,56; 0,77; 0,87; 0,95; 0,98; 1; 1; 1; 1; 1; 1; 
1994; 10; 0; 0; 0; 0; 0; 0; 0; 0; 0; 0; 0; 0; 0; 0; 0; 0; 0; 0; 0; 0; 0; 0; 0; 0,0034; 0,013; 0,25; 0,45; 0,62; 0,75; 0,85; 0,92; 0,97; 0,99; 1; 1; 1; 1; 1; 1; 1; 1; 1; 1; 1; 1; 1; 
1994; 11; 0; 0; 0; 0; 0; 0; 0; 0; 0; 0; 0; 0; 0; 0; 0; 0; 0; 0; 0,00082; 0,13; 0,49; 0,73; 0,91; 0,96; 0,99; 1; 1; 1; 1; 1; 1; 1; 1; 1; 1; 1; 1; 1; 1; 1; 1; 1; 1; 1; 1; 1; 
1994; 12; 0; 0; 0; 0; 0; 0; 0; 0; 0; 0; 0,0023; 0,029; 0,08; 0,15; 0,22; 0,31; 0,42; 0,57; 0,78; 0,94; 0,98; 1; 1; 1; 1; 1; 1; 1; 1; 1; 1; 1; 1; 1; 1; 1; 1; 1; 1; 1; 1; 1; 1; 1; 1; 1; 
1995; 1; 0; 0; 0; 0; 0; 0; 0; 0; 0; 0; 0; 0; 0; 0,0016; 0,027; 0,15; 0,51; 0,78; 0,92; 0,96; 0,98; 1; 1; 1; 1; 1; 1; 1; 1; 1; 1; 1; 1; 1; 1; 1; 1; 1; 1; 1; 1; 1; 1; 1; 1; 1; 
1995; 2; 0; 0; 0; 0; 0; 0; 0; 0; 0; 0; 0; 0; 0; 0; 0; 0; 0; 0,00082; 0,0037; 0,01; 0,044; 0,37; 0,86; 0,96; 1; 1; 1; 1; 1; 1; 1; 1; 1; 1; 1; 1; 1; 1; 1; 1; 1; 1; 1; 1; 1; 1; 
1995; 3; 0; 0; 0; 0; 0; 0; 0; 0; 0; 0; 0; 0; 0; 0; 0; 0; 0; 0,00055; 0,0037; 0,0099; 0,019; 0,059; 0,57; 0,89; 0,96; 0,99; 1; 1; 1; 1; 1; 1; 1; 1; 1; 1; 1; 1; 1; 1; 1; 1; 1; 1; 1; 1; 
1995; 4; 0; 0; 0; 0; 0; 0; 0; 0; 0; 0; 0; 0; 0; 0; 0; 0; 0; 0; 0; 0; 0,00041; 0,0036; 0,009; 0,019; 0,029; 0,1; 0,29; 0,47; 0,8; 0,99; 1; 1; 1; 1; 1; 1; 1; 1; 1; 1; 1; 1; 1; 1; 1; 1; 
1995; 5; 0; 0; 0; 0; 0; 0; 0; 0; 0; 0; 0; 0; 0; 0; 0; 0; 0; 0; 0; 0; 0; 0; 0; 0; 0; 0; 0,0026; 0,0085; 0,02; 0,037; 0,23; 0,41; 0,78; 0,97; 1; 1; 1; 1; 1; 1; 1; 1; 1; 1; 1; 1; 
1995; 6; 0; 0; 0; 0; 0; 0; 0; 0; 0; 0; 0; 0; 0; 0; 0; 0; 0; 0; 0; 0; 0; 0; 0; 0; 0; 0; 0; 0; 0; 0; 0,0022; 0,0075; 0,019; 0,03; 0,065; 0,19; 0,33; 0,44; 0,78; 0,94; 0,99; 1; 1; 1; 1; 1; 
1995; 7; 0; 0; 0; 0; 0; 0; 0; 0; 0; 0; 0; 0; 0; 0; 0; 0; 0; 0; 0; 0; 0; 0; 0; 0; 0; 0; 0; 0; 0; 0; 0; 0; 0,00041; 0,0043; 0,014; 0,047; 0,32; 0,54; 0,73; 0,84; 0,93; 0,98; 0,99; 1; 1; 1; 
1995; 8; 0; 0; 0; 0; 0; 0; 0; 0; 0; 0; 0; 0; 0; 0; 0; 0; 0; 0; 0; 0; 0; 0; 0; 0; 0; 0; 0; 0; 0; 0; 0; 0,0025; 0,0089; 0,023; 0,1; 0,41; 0,67; 0,82; 0,9; 0,96; 0,99; 1; 1; 1; 1; 1; 
1995; 9; 0; 0; 0; 0; 0; 0; 0; 0; 0; 0; 0; 0; 0; 0; 0; 0; 0; 0; 0; 0; 0; 0; 0; 0; 0; 0; 0; 0,0018; 0,0063; 0,015; 0,026; 0,17; 0,63; 0,82; 0,91; 0,97; 0,99; 1; 1; 1; 1; 1; 1; 1; 1; 1; 
1995; 10; 0; 0; 0; 0; 0; 0; 0; 0; 0; 0; 0; 0; 0; 0; 0; 0; 0; 0; 0; 0; 0; 0; 0; 0; 0,0025; 0,11; 0,48; 0,83; 0,92; 0,97; 0,99; 1; 1; 1; 1; 1; 1; 1; 1; 1; 1; 1; 1; 1; 1; 1; 
1995; 11; 0; 0; 0; 0; 0; 0; 0; 0; 0; 0; 0; 0; 0; 0; 0; 0; 0,0034; 0,012; 0,069; 0,25; 0,6; 0,74; 0,88; 0,96; 0,99; 1; 1; 1; 1; 1; 1; 1; 1; 1; 1; 1; 1; 1; 1; 1; 1; 1; 1; 1; 1; 1; 
1995; 12; 0; 0; 0; 0; 0; 0; 0; 0; 0; 0; 0; 0; 0,0048; 0,052; 0,42; 0,73; 0,85; 0,91; 0,95; 0,97; 0,99; 1; 1; 1; 1; 1; 1; 1; 1; 1; 1; 1; 1; 1; 1; 1; 1; 1; 1; 1; 1; 1; 1; 1; 1; 1; 
1996; 1; 0; 0; 0; 0; 0; 0; 0; 0,013; 0,042; 0,19; 0,46; 0,62; 0,75; 0,85; 0,92; 0,94; 0,97; 1; 1; 1; 1; 1; 1; 1; 1; 1; 1; 1; 1; 1; 1; 1; 1; 1; 1; 1; 1; 1; 1; 1; 1; 1; 1; 1; 1; 1; 
1996; 2; 0; 0; 0; 0; 0; 0; 0; 0; 0; 0,0021; 0,019; 0,24; 0,54; 0,69; 0,81; 0,88; 0,93; 0,96; 0,97; 0,99; 1; 1; 1; 1; 1; 1; 1; 1; 1; 1; 1; 1; 1; 1; 1; 1; 1; 1; 1; 1; 1; 1; 1; 1; 1; 1; 
1996; 3; 0; 0; 0; 0; 0; 0; 0; 0; 0; 0; 0; 0; 0; 0,0049; 0,047; 0,34; 0,64; 0,77; 0,85; 0,91; 0,96; 0,99; 1; 1; 1; 1; 1; 1; 1; 1; 1; 1; 1; 1; 1; 1; 1; 1; 1; 1; 1; 1; 1; 1; 1; 1; 
1996; 4; 0; 0; 0; 0; 0; 0; 0; 0; 0; 0; 0; 0; 0; 0; 0; 0; 0; 0; 0; 0; 0; 0,00055; 0,0045; 0,012; 0,026; 0,19; 0,6; 0,95; 1; 1; 1; 1; 1; 1; 1; 1; 1; 1; 1; 1; 1; 1; 1; 1; 1; 1; 
1996; 5; 0; 0; 0; 0; 0; 0; 0; 0; 0; 0; 0; 0; 0; 0; 0; 0; 0; 0; 0; 0; 0; 0; 0; 0; 0; 0; 0; 0; 0; 0,0016; 0,0062; 0,017; 0,029; 0,078; 0,39; 0,78; 0,98; 1; 1; 1; 1; 1; 1; 1; 1; 1; 
1996; 6; 0; 0; 0; 0; 0; 0; 0; 0; 0; 0; 0; 0; 0; 0; 0; 0; 0; 0; 0; 0; 0; 0; 0; 0; 0; 0; 0; 0; 0; 0; 0,0016; 0,0069; 0,02; 0,058; 0,27; 0,48; 0,82; 0,94; 0,98; 1; 1; 1; 1; 1; 1; 1; 
1996; 7; 0; 0; 0; 0; 0; 0; 0; 0; 0; 0; 0; 0; 0; 0; 0; 0; 0; 0; 0; 0; 0; 0; 0; 0; 0; 0; 0; 0; 0; 0,00041; 0,0036; 0,0096; 0,02; 0,03; 0,11; 0,28; 0,42; 0,57; 0,72; 0,86; 0,95; 0,99; 1; 1; 1; 1; 
1996; 8; 0; 0; 0; 0; 0; 0; 0; 0; 0; 0; 0; 0; 0; 0; 0; 0; 0; 0; 0; 0; 0; 0; 0; 0; 0; 0; 0; 0; 0; 0; 0; 0,0011; 0,0047; 0,013; 0,054; 0,18; 0,54; 0,7; 0,84; 0,94; 0,98; 1; 1; 1; 1; 1; 
1996; 9; 0; 0; 0; 0; 0; 0; 0; 0; 0; 0; 0; 0; 0; 0; 0; 0; 0; 0; 0; 0; 0; 0; 0; 0; 0; 0,00027; 0,004; 0,011; 0,021; 0,046; 0,43; 0,73; 0,86; 0,94; 0,98; 1; 1; 1; 1; 1; 1; 1; 1; 1; 1; 1; 
1996; 10; 0; 0; 0; 0; 0; 0; 0; 0; 0; 0; 0; 0; 0; 0; 0; 0; 0; 0; 0; 0; 0; 0; 0; 0; 0,0033; 0,086; 0,24; 0,62; 0,87; 0,94; 0,98; 1; 1; 1; 1; 1; 1; 1; 1; 1; 1; 1; 1; 1; 1; 1; 
1996; 11; 0; 0; 0; 0; 0; 0; 0; 0; 0; 0; 0; 0; 0; 0; 0; 0; 0; 0; 0; 0; 0; 0; 0,0021; 0,0067; 0,019; 0,18; 0,66; 0,88; 0,95; 0,98; 1; 1; 1; 1; 1; 1; 1; 1; 1; 1; 1; 1; 1; 1; 1; 1; 
1996; 12; 0; 0; 0; 0; 0; 0; 0; 0; 0; 0; 0; 0; 0; 0,0037; 0,044; 0,22; 0,55; 0,77; 0,88; 0,92; 0,96; 0,98; 0,99; 1; 1; 1; 1; 1; 1; 1; 1; 1; 1; 1; 1; 1; 1; 1; 1; 1; 1; 1; 1; 1; 1; 1; 
1997; 1; 0; 0; 0; 0; 0; 0; 0; 0; 0; 0; 0,00096; 0,062; 0,27; 0,55; 0,84; 0,93; 0,96; 0,99; 1; 1; 1; 1; 1; 1; 1; 1; 1; 1; 1; 1; 1; 1; 1; 1; 1; 1; 1; 1; 1; 1; 1; 1; 1; 1; 1; 1; 
1997; 2; 0; 0; 0; 0; 0; 0; 0; 0; 0; 0; 0; 0; 0; 0; 0,012; 0,12; 0,31; 0,46; 0,62; 0,83; 0,98; 1; 1; 1; 1; 1; 1; 1; 1; 1; 1; 1; 1; 1; 1; 1; 1; 1; 1; 1; 1; 1; 1; 1; 1; 1; 
1997; 3; 0; 0; 0; 0; 0; 0; 0; 0; 0; 0; 0; 0; 0; 0; 0; 0; 0,0025; 0,0078; 0,019; 0,078; 0,53; 0,93; 0,98; 1; 1; 1; 1; 1; 1; 1; 1; 1; 1; 1; 1; 1; 1; 1; 1; 1; 1; 1; 1; 1; 1; 1; 
1997; 4; 0; 0; 0; 0; 0; 0; 0; 0; 0; 0; 0; 0; 0; 0; 0; 0; 0; 0; 0,0016; 0,0051; 0,013; 0,025; 0,062; 0,42; 0,66; 0,86; 0,97; 1; 1; 1; 1; 1; 1; 1; 1; 1; 1; 1; 1; 1; 1; 1; 1; 1; 1; 1; 
1997; 5; 0; 0; 0; 0; 0; 0; 0; 0; 0; 0; 0; 0; 0; 0; 0; 0; 0; 0; 0; 0; 0; 0; 0; 0; 0; 0; 0; 0,0015; 0,0055; 0,013; 0,027; 0,2; 0,54; 0,86; 0,97; 0,99; 1; 1; 1; 1; 1; 1; 1; 1; 1; 1; 
1997; 6; 0; 0; 0; 0; 0; 0; 0; 0; 0; 0; 0; 0; 0; 0; 0; 0; 0; 0; 0; 0; 0; 0; 0; 0; 0; 0; 0; 0; 0; 0; 0,0032; 0,0085; 0,02; 0,044; 0,17; 0,32; 0,51; 0,79; 0,95; 1; 1; 1; 1; 1; 1; 1; 
1997; 7; 0; 0; 0; 0; 0; 0; 0; 0; 0; 0; 0; 0; 0; 0; 0; 0; 0; 0; 0; 0; 0; 0; 0; 0; 0; 0; 0; 0; 0; 0; 0; 0,0019; 0,006; 0,016; 0,027; 0,044; 0,2; 0,4; 0,75; 0,91; 0,98; 1; 1; 1; 1; 1; 
1997; 8; 0; 0; 0; 0; 0; 0; 0; 0; 0; 0; 0; 0; 0; 0; 0; 0; 0; 0; 0; 0; 0; 0; 0; 0; 0; 0; 0; 0; 0; 0; 0; 0,0015; 0,0052; 0,017; 0,029; 0,24; 0,55; 0,76; 0,89; 0,97; 1; 1; 1; 1; 1; 1; 
1997; 9; 0; 0; 0; 0; 0; 0; 0; 0; 0; 0; 0; 0; 0; 0; 0; 0; 0; 0; 0; 0; 0; 0; 0; 0; 0; 0; 0,00069; 0,0033; 0,048; 0,29; 0,7; 0,95; 0,98; 1; 1; 1; 1; 1; 1; 1; 1; 1; 1; 1; 1; 1; 
1997; 10; 0; 0; 0; 0; 0; 0; 0; 0; 0; 0; 0; 0; 0; 0; 0; 0; 0; 0; 0; 0; 0,00014; 0,0033; 0,0095; 0,02; 0,082; 0,53; 0,8; 0,9; 0,96; 0,99; 1; 1; 1; 1; 1; 1; 1; 1; 1; 1; 1; 1; 1; 1; 1; 1; 
1997; 11; 0; 0; 0; 0; 0; 0; 0; 0; 0; 0; 0; 0; 0; 0; 0; 0; 0; 0; 0; 0; 0,0011; 0,04; 0,11; 0,45; 0,87; 0,95; 0,99; 1; 1; 1; 1; 1; 1; 1; 1; 1; 1; 1; 1; 1; 1; 1; 1; 1; 1; 1; 
1997; 12; 0; 0; 0; 0; 0; 0; 0; 0; 0; 0; 0; 0; 0; 0,026; 0,12; 0,24; 0,34; 0,54; 0,75; 0,87; 0,93; 0,97; 0,99; 1; 1; 1; 1; 1; 1; 1; 1; 1; 1; 1; 1; 1; 1; 1; 1; 1; 1; 1; 1; 1; 1; 1; 
1998; 1; 0; 0; 0; 0; 0; 0; 0; 0; 0; 0; 0; 0; 0; 0; 0,022; 0,075; 0,14; 0,24; 0,41; 0,69; 0,94; 0,99; 1; 1; 1; 1; 1; 1; 1; 1; 1; 1; 1; 1; 1; 1; 1; 1; 1; 1; 1; 1; 1; 1; 1; 1; 
1998; 2; 0; 0; 0; 0; 0; 0; 0; 0; 0; 0; 0; 0; 0; 0,0032; 0,049; 0,092; 0,17; 0,3; 0,41; 0,58; 0,79; 0,94; 1; 1; 1; 1; 1; 1; 1; 1; 1; 1; 1; 1; 1; 1; 1; 1; 1; 1; 1; 1; 1; 1; 1; 1; 
1998; 3; 0; 0; 0; 0; 0; 0; 0; 0; 0; 0; 0; 0; 0; 0; 0,00041; 0,0025; 0,0064; 0,013; 0,022; 0,079; 0,49; 0,86; 0,94; 0,99; 1; 1; 1; 1; 1; 1; 1; 1; 1; 1; 1; 1; 1; 1; 1; 1; 1; 1; 1; 1; 1; 1; 
1998; 4; 0; 0; 0; 0; 0; 0; 0; 0; 0; 0; 0; 0; 0; 0; 0; 0; 0; 0; 0; 0; 0; 0; 0; 0,00055; 0,003; 0,012; 0,041; 0,14; 0,48; 0,88; 0,98; 1; 1; 1; 1; 1; 1; 1; 1; 1; 1; 1; 1; 1; 1; 1; 
1998; 5; 0; 0; 0; 0; 0; 0; 0; 0; 0; 0; 0; 0; 0; 0; 0; 0; 0; 0; 0; 0; 0; 0; 0; 0; 0; 0; 0,0029; 0,0085; 0,018; 0,03; 0,094; 0,3; 0,55; 0,86; 0,97; 1; 1; 1; 1; 1; 1; 1; 1; 1; 1; 1; 
1998; 6; 0; 0; 0; 0; 0; 0; 0; 0; 0; 0; 0; 0; 0; 0; 0; 0; 0; 0; 0; 0; 0; 0; 0; 0; 0; 0; 0; 0; 0; 0; 0; 0,0019; 0,0063; 0,016; 0,027; 0,042; 0,3; 0,57; 0,78; 0,94; 0,99; 1; 1; 1; 1; 1; 
1998; 7; 0; 0; 0; 0; 0; 0; 0; 0; 0; 0; 0; 0; 0; 0; 0; 0; 0; 0; 0; 0; 0; 0; 0; 0; 0; 0; 0; 0; 0; 0; 0; 0; 0,0026; 0,0075; 0,019; 0,028; 0,11; 0,38; 0,57; 0,75; 0,92; 0,98; 1; 1; 1; 1; 
1998; 8; 0; 0; 0; 0; 0; 0; 0; 0; 0; 0; 0; 0; 0; 0; 0; 0; 0; 0; 0; 0; 0; 0; 0; 0; 0; 0; 0; 0; 0; 0; 0; 0,0012; 0,0062; 0,019; 0,1; 0,36; 0,6; 0,8; 0,91; 0,98; 0,99; 1; 1; 1; 1; 1; 
1998; 9; 0; 0; 0; 0; 0; 0; 0; 0; 0; 0; 0; 0; 0; 0; 0; 0; 0; 0; 0; 0; 0; 0; 0; 0; 0; 0; 0; 0,0011; 0,0049; 0,012; 0,062; 0,4; 0,7; 0,84; 0,92; 0,98; 0,99; 1; 1; 1; 1; 1; 1; 1; 1; 1; 
1998; 10; 0; 0; 0; 0; 0; 0; 0; 0; 0; 0; 0; 0; 0; 0; 0; 0; 0; 0; 0; 0; 0; 0; 0; 0; 0,00055; 0,0049; 0,068; 0,67; 0,86; 0,93; 0,97; 0,99; 1; 1; 1; 1; 1; 1; 1; 1; 1; 1; 1; 1; 1; 1; 
1998; 11; 0; 0; 0; 0; 0; 0; 0; 0; 0; 0; 0; 0; 0; 0; 0,011; 0,049; 0,14; 0,42; 0,61; 0,75; 0,83; 0,9; 0,94; 0,97; 0,99; 1; 1; 1; 1; 1; 1; 1; 1; 1; 1; 1; 1; 1; 1; 1; 1; 1; 1; 1; 1; 1; 
1998; 12; 0; 0; 0; 0; 0; 0; 0; 0; 0; 0; 0; 0,00082; 0,033; 0,22; 0,55; 0,74; 0,86; 0,93; 0,97; 0,98; 0,99; 1; 1; 1; 1; 1; 1; 1; 1; 1; 1; 1; 1; 1; 1; 1; 1; 1; 1; 1; 1; 1; 1; 1; 1; 1; 
1999; 1; 0; 0; 0; 0; 0; 0; 0; 0; 0; 0; 0; 0; 0; 0; 0; 0; 0,0021; 0,051; 0,38; 0,76; 0,92; 0,97; 0,99; 1; 1; 1; 1; 1; 1; 1; 1; 1; 1; 1; 1; 1; 1; 1; 1; 1; 1; 1; 1; 1; 1; 1; 
1999; 2; 0; 0; 0; 0; 0; 0; 0; 0; 0; 0; 0; 0; 0; 0,00027; 0,0029; 0,0089; 0,037; 0,17; 0,55; 0,75; 0,89; 0,96; 0,99; 1; 1; 1; 1; 1; 1; 1; 1; 1; 1; 1; 1; 1; 1; 1; 1; 1; 1; 1; 1; 1; 1; 1; 
1999; 3; 0; 0; 0; 0; 0; 0; 0; 0; 0; 0; 0; 0; 0; 0; 0; 0; 0; 0; 0,0034; 0,0097; 0,032; 0,15; 0,59; 0,82; 0,93; 0,99; 1; 1; 1; 1; 1; 1; 1; 1; 1; 1; 1; 1; 1; 1; 1; 1; 1; 1; 1; 1; 
1999; 4; 0; 0; 0; 0; 0; 0; 0; 0; 0; 0; 0; 0; 0; 0; 0; 0; 0; 0; 0; 0; 0; 0; 0; 0,0019; 0,0064; 0,015; 0,026; 0,064; 0,46; 0,88; 0,98; 1; 1; 1; 1; 1; 1; 1; 1; 1; 1; 1; 1; 1; 1; 1; 
1999; 5; 0; 0; 0; 0; 0; 0; 0; 0; 0; 0; 0; 0; 0; 0; 0; 0; 0; 0; 0; 0; 0; 0; 0; 0; 0; 0,0018; 0,007; 0,02; 0,084; 0,5; 0,84; 0,94; 0,98; 0,99; 1; 1; 1; 1; 1; 1; 1; 1; 1; 1; 1; 1; 
1999; 6; 0; 0; 0; 0; 0; 0; 0; 0; 0; 0; 0; 0; 0; 0; 0; 0; 0; 0; 0; 0; 0; 0; 0; 0; 0; 0; 0; 0; 0; 0; 0; 0; 0,0025; 0,009; 0,021; 0,033; 0,1; 0,33; 0,61; 0,85; 0,96; 1; 1; 1; 1; 1; 
1999; 7; 0; 0; 0; 0; 0; 0; 0; 0; 0; 0; 0; 0; 0; 0; 0; 0; 0; 0; 0; 0; 0; 0; 0; 0; 0; 0; 0; 0; 0; 0; 0; 0; 0; 0,00041; 0,0043; 0,013; 0,025; 0,058; 0,26; 0,4; 0,61; 0,83; 0,94; 0,99; 1; 1; 
1999; 8; 0; 0; 0; 0; 0; 0; 0; 0; 0; 0; 0; 0; 0; 0; 0; 0; 0; 0; 0; 0; 0; 0; 0; 0; 0; 0; 0; 0; 0; 0; 0; 0,00027; 0,0043; 0,018; 0,048; 0,26; 0,43; 0,65; 0,81; 0,91; 0,98; 1; 1; 1; 1; 1; 
1999; 9; 0; 0; 0; 0; 0; 0; 0; 0; 0; 0; 0; 0; 0; 0; 0; 0; 0; 0; 0; 0; 0; 0; 0; 0; 0; 0; 0; 0; 0; 0,0018; 0,052; 0,16; 0,51; 0,82; 0,89; 0,95; 0,98; 0,99; 1; 1; 1; 1; 1; 1; 1; 1; 
1999; 10; 0; 0; 0; 0; 0; 0; 0; 0; 0; 0; 0; 0; 0; 0; 0; 0; 0; 0; 0; 0; 0; 0; 0; 0; 0,0019; 0,0075; 0,033; 0,52; 0,86; 0,93; 0,98; 1; 1; 1; 1; 1; 1; 1; 1; 1; 1; 1; 1; 1; 1; 1; 
1999; 11; 0; 0; 0; 0; 0; 0; 0; 0; 0; 0; 0; 0; 0; 0; 0; 0; 0,027; 0,11; 0,3; 0,61; 0,76; 0,91; 0,94; 0,98; 1; 1; 1; 1; 1; 1; 1; 1; 1; 1; 1; 1; 1; 1; 1; 1; 1; 1; 1; 1; 1; 1; 
1999; 12; 0; 0; 0; 0; 0; 0; 0; 0; 0; 0; 0; 0; 0; 0; 0; 0,0011; 0,0059; 0,015; 0,029; 0,26; 0,61; 0,79; 0,9; 0,95; 0,98; 0,99; 1; 1; 1; 1; 1; 1; 1; 1; 1; 1; 1; 1; 1; 1; 1; 1; 1; 1; 1; 1; 
2000; 1; 0; 0; 0; 0; 0; 0; 0; 0; 0; 0; 0,0011; 0,0047; 0,012; 0,081; 0,33; 0,53; 0,8; 0,94; 0,99; 1; 1; 1; 1; 1; 1; 1; 1; 1; 1; 1; 1; 1; 1; 1; 1; 1; 1; 1; 1; 1; 1; 1; 1; 1; 1; 1; 
2000; 2; 0; 0; 0; 0; 0; 0; 0; 0; 0; 0; 0; 0; 0; 0; 0,00055; 0,0023; 0,0063; 0,024; 0,21; 0,46; 0,75; 0,92; 1; 1; 1; 1; 1; 1; 1; 1; 1; 1; 1; 1; 1; 1; 1; 1; 1; 1; 1; 1; 1; 1; 1; 1; 
2000; 3; 0; 0; 0; 0; 0; 0; 0; 0; 0; 0; 0; 0; 0; 0; 0; 0; 0; 0,0018; 0,0058; 0,013; 0,061; 0,49; 0,82; 0,97; 1; 1; 1; 1; 1; 1; 1; 1; 1; 1; 1; 1; 1; 1; 1; 1; 1; 1; 1; 1; 1; 1; 
2000; 4; 0; 0; 0; 0; 0; 0; 0; 0; 0; 0; 0; 0; 0; 0; 0; 0; 0; 0; 0; 0; 0; 0; 0; 0; 0,0034; 0,0085; 0,018; 0,03; 0,057; 0,25; 0,62; 0,97; 1; 1; 1; 1; 1; 1; 1; 1; 1; 1; 1; 1; 1; 1; 
2000; 5; 0; 0; 0; 0; 0; 0; 0; 0; 0; 0; 0; 0; 0; 0; 0; 0; 0; 0; 0; 0; 0; 0; 0; 0; 0; 0; 0; 0,004; 0,025; 0,087; 0,33; 0,7; 0,9; 0,97; 0,99; 1; 1; 1; 1; 1; 1; 1; 1; 1; 1; 1; 
2000; 6; 0; 0; 0; 0; 0; 0; 0; 0; 0; 0; 0; 0; 0; 0; 0; 0; 0; 0; 0; 0; 0; 0; 0; 0; 0; 0; 0; 0; 0; 0,0014; 0,006; 0,018; 0,029; 0,14; 0,42; 0,68; 0,87; 0,97; 1; 1; 1; 1; 1; 1; 1; 1; 
2000; 7; 0; 0; 0; 0; 0; 0; 0; 0; 0; 0; 0; 0; 0; 0; 0; 0; 0; 0; 0; 0; 0; 0; 0; 0; 0; 0; 0; 0; 0; 0; 0; 0,0023; 0,0074; 0,019; 0,029; 0,16; 0,31; 0,46; 0,64; 0,82; 0,95; 1; 1; 1; 1; 1; 
2000; 8; 0; 0; 0; 0; 0; 0; 0; 0; 0; 0; 0; 0; 0; 0; 0; 0; 0; 0; 0; 0; 0; 0; 0; 0; 0; 0; 0; 0; 0; 0; 0; 0; 0,0016; 0,0081; 0,022; 0,1; 0,35; 0,52; 0,75; 0,88; 0,96; 0,99; 1; 1; 1; 1; 
2000; 9; 0; 0; 0; 0; 0; 0; 0; 0; 0; 0; 0; 0; 0; 0; 0; 0; 0; 0; 0; 0; 0; 0; 0; 0; 0; 0; 0,00027; 0,0051; 0,019; 0,11; 0,29; 0,52; 0,75; 0,87; 0,94; 0,98; 1; 1; 1; 1; 1; 1; 1; 1; 1; 1; 
2000; 10; 0; 0; 0; 0; 0; 0; 0; 0; 0; 0; 0; 0; 0; 0; 0; 0; 0; 0; 0; 0; 0; 0; 0; 0; 0,0056; 0,067; 0,38; 0,78; 0,91; 0,97; 0,98; 1; 1; 1; 1; 1; 1; 1; 1; 1; 1; 1; 1; 1; 1; 1; 
2000; 11; 0; 0; 0; 0; 0; 0; 0; 0; 0; 0; 0; 0; 0; 0; 0; 0; 0; 0; 0; 0,0075; 0,06; 0,11; 0,19; 0,29; 0,4; 0,53; 0,83; 0,93; 0,96; 0,98; 0,99; 1; 1; 1; 1; 1; 1; 1; 1; 1; 1; 1; 1; 1; 1; 1; 
2000; 12; 0; 0; 0; 0; 0; 0; 0; 0; 0; 0; 0; 0; 0; 0; 0; 0; 0; 0; 0,0021; 0,0092; 0,029; 0,31; 0,84; 0,94; 0,98; 1; 1; 1; 1; 1; 1; 1; 1; 1; 1; 1; 1; 1; 1; 1; 1; 1; 1; 1; 1; 1; 
2001; 1; 0; 0; 0; 0; 0; 0; 0; 0; 0; 0; 0; 0; 0; 0; 0; 0,00082; 0,0071; 0,021; 0,044; 0,24; 0,85; 0,95; 0,99; 1; 1; 1; 1; 1; 1; 1; 1; 1; 1; 1; 1; 1; 1; 1; 1; 1; 1; 1; 1; 1; 1; 1; 
2001; 2; 0; 0; 0; 0; 0; 0; 0; 0; 0; 0; 0; 0; 0; 0; 0; 0,014; 0,11; 0,5; 0,81; 0,9; 0,94; 0,98; 1; 1; 1; 1; 1; 1; 1; 1; 1; 1; 1; 1; 1; 1; 1; 1; 1; 1; 1; 1; 1; 1; 1; 1; 
2001; 3; 0; 0; 0; 0; 0; 0; 0; 0; 0; 0; 0; 0; 0; 0; 0; 0; 0; 0; 0; 0; 0,054; 0,29; 0,72; 0,88; 0,94; 0,97; 1; 1; 1; 1; 1; 1; 1; 1; 1; 1; 1; 1; 1; 1; 1; 1; 1; 1; 1; 1; 
2001; 4; 0; 0; 0; 0; 0; 0; 0; 0; 0; 0; 0; 0; 0; 0; 0; 0; 0; 0; 0; 0; 0; 0; 0,0018; 0,0062; 0,015; 0,029; 0,078; 0,26; 0,69; 0,95; 1; 1; 1; 1; 1; 1; 1; 1; 1; 1; 1; 1; 1; 1; 1; 1; 
2001; 5; 0; 0; 0; 0; 0; 0; 0; 0; 0; 0; 0; 0; 0; 0; 0; 0; 0; 0; 0; 0; 0; 0; 0; 0; 0; 0; 0,00069; 0,0051; 0,013; 0,032; 0,24; 0,81; 0,94; 0,98; 1; 1; 1; 1; 1; 1; 1; 1; 1; 1; 1; 1; 
2001; 6; 0; 0; 0; 0; 0; 0; 0; 0; 0; 0; 0; 0; 0; 0; 0; 0; 0; 0; 0; 0; 0; 0; 0; 0; 0; 0; 0; 0; 0; 0,0025; 0,007; 0,017; 0,028; 0,079; 0,28; 0,79; 0,94; 0,99; 1; 1; 1; 1; 1; 1; 1; 1; 
2001; 7; 0; 0; 0; 0; 0; 0; 0; 0; 0; 0; 0; 0; 0; 0; 0; 0; 0; 0; 0; 0; 0; 0; 0; 0; 0; 0; 0; 0; 0; 0; 0; 0; 0; 0,00096; 0,0043; 0,013; 0,025; 0,034; 0,11; 0,23; 0,45; 0,7; 0,87; 0,96; 0,99; 1; 
2001; 8; 0; 0; 0; 0; 0; 0; 0; 0; 0; 0; 0; 0; 0; 0; 0; 0; 0; 0; 0; 0; 0; 0; 0; 0; 0; 0; 0; 0; 0; 0; 0; 0; 0; 0,0038; 0,013; 0,027; 0,22; 0,56; 0,72; 0,85; 0,93; 0,98; 0,99; 1; 1; 1; 
2001; 9; 0; 0; 0; 0; 0; 0; 0; 0; 0; 0; 0; 0; 0; 0; 0; 0; 0; 0; 0; 0; 0; 0; 0; 0; 0; 0; 0; 0,00027; 0,004; 0,012; 0,043; 0,14; 0,52; 0,74; 0,84; 0,92; 0,98; 1; 1; 1; 1; 1; 1; 1; 1; 1; 
2001; 10; 0; 0; 0; 0; 0; 0; 0; 0; 0; 0; 0; 0; 0; 0; 0; 0; 0; 0; 0; 0; 0; 0; 0; 0; 0; 0,055; 0,2; 0,56; 0,75; 0,94; 0,97; 0,99; 1; 1; 1; 1; 1; 1; 1; 1; 1; 1; 1; 1; 1; 1; 
2001; 11; 0; 0; 0; 0; 0; 0; 0; 0; 0; 0; 0; 0; 0; 0; 0; 0; 0; 0,0016; 0,0058; 0,015; 0,027; 0,062; 0,58; 0,88; 0,96; 0,99; 1; 1; 1; 1; 1; 1; 1; 1; 1; 1; 1; 1; 1; 1; 1; 1; 1; 1; 1; 1; 
2001; 12; 0; 0; 0; 0; 0; 0; 0; 0; 0; 0,0032; 0,064; 0,22; 0,52; 0,79; 0,88; 0,93; 0,96; 0,98; 0,99; 1; 1; 1; 1; 1; 1; 1; 1; 1; 1; 1; 1; 1; 1; 1; 1; 1; 1; 1; 1; 1; 1; 1; 1; 1; 1; 1; 
2002; 1; 0; 0; 0; 0; 0; 0; 0; 0; 0; 0; 0; 0; 0; 0; 0,0055; 0,12; 0,34; 0,73; 0,91; 1; 1; 1; 1; 1; 1; 1; 1; 1; 1; 1; 1; 1; 1; 1; 1; 1; 1; 1; 1; 1; 1; 1; 1; 1; 1; 1; 
2002; 2; 0; 0; 0; 0; 0; 0; 0; 0; 0; 0; 0; 0; 0; 0; 0; 0; 0; 0; 0; 0,0029; 0,011; 0,066; 0,6; 0,94; 0,99; 1; 1; 1; 1; 1; 1; 1; 1; 1; 1; 1; 1; 1; 1; 1; 1; 1; 1; 1; 1; 1; 
2002; 3; 0; 0; 0; 0; 0; 0; 0; 0; 0; 0; 0; 0; 0; 0; 0; 0; 0; 0; 0; 0,0026; 0,01; 0,022; 0,24; 0,69; 0,86; 0,95; 0,99; 1; 1; 1; 1; 1; 1; 1; 1; 1; 1; 1; 1; 1; 1; 1; 1; 1; 1; 1; 
2002; 4; 0; 0; 0; 0; 0; 0; 0; 0; 0; 0; 0; 0; 0; 0; 0; 0; 0; 0; 0; 0; 0; 0; 0,0025; 0,0085; 0,056; 0,11; 0,52; 0,92; 0,98; 1; 1; 1; 1; 1; 1; 1; 1; 1; 1; 1; 1; 1; 1; 1; 1; 1; 
2002; 5; 0; 0; 0; 0; 0; 0; 0; 0; 0; 0; 0; 0; 0; 0; 0; 0; 0; 0; 0; 0; 0; 0; 0; 0; 0; 0; 0; 0; 0; 0,0069; 0,068; 0,17; 0,54; 0,91; 0,97; 0,99; 1; 1; 1; 1; 1; 1; 1; 1; 1; 1; 
2002; 6; 0; 0; 0; 0; 0; 0; 0; 0; 0; 0; 0; 0; 0; 0; 0; 0; 0; 0; 0; 0; 0; 0; 0; 0; 0; 0; 0; 0; 0; 0; 0; 0,0034; 0,01; 0,021; 0,074; 0,37; 0,71; 0,88; 0,96; 0,99; 1; 1; 1; 1; 1; 1; 
2002; 7; 0; 0; 0; 0; 0; 0; 0; 0; 0; 0; 0; 0; 0; 0; 0; 0; 0; 0; 0; 0; 0; 0; 0; 0; 0; 0; 0; 0; 0; 0; 0; 0; 0; 0; 0,0025; 0,0075; 0,018; 0,029; 0,12; 0,36; 0,57; 0,74; 0,87; 0,95; 0,99; 1; 
2002; 8; 0; 0; 0; 0; 0; 0; 0; 0; 0; 0; 0; 0; 0; 0; 0; 0; 0; 0; 0; 0; 0; 0; 0; 0; 0; 0; 0; 0; 0; 0; 0; 0; 0,0015; 0,006; 0,018; 0,11; 0,41; 0,68; 0,83; 0,91; 0,97; 0,99; 1; 1; 1; 1; 
2002; 9; 0; 0; 0; 0; 0; 0; 0; 0; 0; 0; 0; 0; 0; 0; 0; 0; 0; 0; 0; 0; 0; 0; 0; 0; 0; 0; 0; 0,00027; 0,0041; 0,014; 0,052; 0,19; 0,38; 0,51; 0,66; 0,8; 0,92; 0,98; 1; 1; 1; 1; 1; 1; 1; 1; 
2002; 10; 0; 0; 0; 0; 0; 0; 0; 0; 0; 0; 0; 0; 0; 0; 0; 0; 0; 0; 0; 0; 0; 0; 0; 0,00096; 0,016; 0,12; 0,4; 0,72; 0,85; 0,91; 0,96; 0,99; 1; 1; 1; 1; 1; 1; 1; 1; 1; 1; 1; 1; 1; 1; 
2002; 11; 0; 0; 0; 0; 0; 0; 0; 0; 0; 0; 0; 0; 0; 0; 0; 0; 0; 0; 0; 0; 0; 0,0077; 0,052; 0,2; 0,53; 0,84; 0,91; 0,96; 0,99; 1; 1; 1; 1; 1; 1; 1; 1; 1; 1; 1; 1; 1; 1; 1; 1; 1; 
2002; 12; 0; 0; 0; 0; 0; 0; 0; 0; 0,0056; 0,088; 0,24; 0,59; 0,79; 0,88; 0,93; 0,96; 0,98; 1; 1; 1; 1; 1; 1; 1; 1; 1; 1; 1; 1; 1; 1; 1; 1; 1; 1; 1; 1; 1; 1; 1; 1; 1; 1; 1; 1; 1; 
2003; 1; 0; 0; 0; 0; 0; 0; 0; 0; 0; 0; 0; 0; 0; 0,0014; 0,066; 0,29; 0,78; 0,9; 0,95; 0,98; 0,99; 1; 1; 1; 1; 1; 1; 1; 1; 1; 1; 1; 1; 1; 1; 1; 1; 1; 1; 1; 1; 1; 1; 1; 1; 1; 
2003; 2; 0; 0; 0; 0; 0; 0; 0; 0; 0; 0,036; 0,13; 0,33; 0,67; 0,9; 0,94; 0,98; 0,99; 1; 1; 1; 1; 1; 1; 1; 1; 1; 1; 1; 1; 1; 1; 1; 1; 1; 1; 1; 1; 1; 1; 1; 1; 1; 1; 1; 1; 1; 
2003; 3; 0; 0; 0; 0; 0; 0; 0; 0; 0; 0; 0; 0; 0; 0; 0; 0,0029; 0,059; 0,16; 0,31; 0,7; 0,94; 0,99; 1; 1; 1; 1; 1; 1; 1; 1; 1; 1; 1; 1; 1; 1; 1; 1; 1; 1; 1; 1; 1; 1; 1; 1; 
2003; 4; 0; 0; 0; 0; 0; 0; 0; 0; 0; 0; 0; 0; 0; 0; 0; 0; 0; 0; 0; 0; 0,0026; 0,0084; 0,018; 0,041; 0,5; 0,9; 0,97; 0,99; 1; 1; 1; 1; 1; 1; 1; 1; 1; 1; 1; 1; 1; 1; 1; 1; 1; 1; 
2003; 5; 0; 0; 0; 0; 0; 0; 0; 0; 0; 0; 0; 0; 0; 0; 0; 0; 0; 0; 0; 0; 0; 0; 0; 0; 0; 0; 0; 0; 0; 0; 0,0043; 0,013; 0,032; 0,13; 0,37; 0,75; 0,98; 1; 1; 1; 1; 1; 1; 1; 1; 1; 
2003; 6; 0; 0; 0; 0; 0; 0; 0; 0; 0; 0; 0; 0; 0; 0; 0; 0; 0; 0; 0; 0; 0; 0; 0; 0; 0; 0; 0; 0; 0; 0; 0,00041; 0,0045; 0,014; 0,18; 0,52; 0,77; 0,88; 0,95; 0,98; 0,99; 1; 1; 1; 1; 1; 1; 
2003; 7; 0; 0; 0; 0; 0; 0; 0; 0; 0; 0; 0; 0; 0; 0; 0; 0; 0; 0; 0; 0; 0; 0; 0; 0; 0; 0; 0; 0; 0; 0; 0; 0; 0,00041; 0,0043; 0,01; 0,021; 0,031; 0,18; 0,59; 0,9; 0,98; 1; 1; 1; 1; 1; 
2003; 8; 0; 0; 0; 0; 0; 0; 0; 0; 0; 0; 0; 0; 0; 0; 0; 0; 0; 0; 0; 0; 0; 0; 0; 0; 0; 0; 0; 0; 0; 0; 0; 0; 0,0027; 0,012; 0,026; 0,22; 0,45; 0,72; 0,84; 0,91; 0,96; 0,99; 1; 1; 1; 1; 
2003; 9; 0; 0; 0; 0; 0; 0; 0; 0; 0; 0; 0; 0; 0; 0; 0; 0; 0; 0; 0; 0; 0; 0; 0; 0; 0; 0; 0; 0,004; 0,018; 0,081; 0,37; 0,69; 0,84; 0,91; 0,97; 0,99; 1; 1; 1; 1; 1; 1; 1; 1; 1; 1; 
2003; 10; 0; 0; 0; 0; 0; 0; 0; 0; 0; 0; 0; 0; 0; 0; 0; 0; 0; 0; 0; 0; 0; 0,00041; 0,0043; 0,013; 0,026; 0,15; 0,52; 0,83; 0,9; 0,96; 0,99; 1; 1; 1; 1; 1; 1; 1; 1; 1; 1; 1; 1; 1; 1; 1; 
2003; 11; 0; 0; 0; 0; 0; 0; 0; 0; 0; 0; 0; 0; 0; 0; 0; 0; 0; 0; 0; 0; 0; 0,00055; 0,0048; 0,12; 0,55; 0,86; 0,94; 0,99; 1; 1; 1; 1; 1; 1; 1; 1; 1; 1; 1; 1; 1; 1; 1; 1; 1; 1; 
2003; 12; 0; 0; 0; 0; 0; 0; 0; 0; 0; 0; 0; 0; 0; 0; 0; 0; 0,0037; 0,031; 0,15; 0,43; 0,79; 0,92; 0,96; 0,99; 1; 1; 1; 1; 1; 1; 1; 1; 1; 1; 1; 1; 1; 1; 1; 1; 1; 1; 1; 1; 1; 1; 
2004; 1; 0; 0; 0; 0; 0; 0; 0; 0; 0; 0; 0; 0,00055; 0,0052; 0,015; 0,11; 0,3; 0,42; 0,58; 0,68; 0,78; 0,89; 0,96; 0,99; 1; 1; 1; 1; 1; 1; 1; 1; 1; 1; 1; 1; 1; 1; 1; 1; 1; 1; 1; 1; 1; 1; 1; 
2004; 2; 0; 0; 0; 0; 0; 0; 0; 0; 0; 0; 0; 0; 0; 0,00096; 0,0038; 0,034; 0,15; 0,5; 0,83; 0,93; 0,98; 0,99; 1; 1; 1; 1; 1; 1; 1; 1; 1; 1; 1; 1; 1; 1; 1; 1; 1; 1; 1; 1; 1; 1; 1; 1; 
2004; 3; 0; 0; 0; 0; 0; 0; 0; 0; 0; 0; 0; 0; 0; 0; 0; 0; 0; 0,00041; 0,004; 0,011; 0,021; 0,13; 0,35; 0,69; 0,94; 0,98; 1; 1; 1; 1; 1; 1; 1; 1; 1; 1; 1; 1; 1; 1; 1; 1; 1; 1; 1; 1; 
2004; 4; 0; 0; 0; 0; 0; 0; 0; 0; 0; 0; 0; 0; 0; 0; 0; 0; 0; 0; 0; 0; 0; 0; 0,0021; 0,0081; 0,026; 0,31; 0,71; 0,89; 0,97; 1; 1; 1; 1; 1; 1; 1; 1; 1; 1; 1; 1; 1; 1; 1; 1; 1; 
2004; 5; 0; 0; 0; 0; 0; 0; 0; 0; 0; 0; 0; 0; 0; 0; 0; 0; 0; 0; 0; 0; 0; 0; 0; 0; 0; 0,00041; 0,0043; 0,012; 0,022; 0,043; 0,35; 0,73; 0,9; 0,97; 1; 1; 1; 1; 1; 1; 1; 1; 1; 1; 1; 1; 
2004; 6; 0; 0; 0; 0; 0; 0; 0; 0; 0; 0; 0; 0; 0; 0; 0; 0; 0; 0; 0; 0; 0; 0; 0; 0; 0; 0; 0; 0; 0; 0,0021; 0,0071; 0,017; 0,056; 0,27; 0,51; 0,77; 0,91; 0,98; 1; 1; 1; 1; 1; 1; 1; 1; 
2004; 7; 0; 0; 0; 0; 0; 0; 0; 0; 0; 0; 0; 0; 0; 0; 0; 0; 0; 0; 0; 0; 0; 0; 0; 0; 0; 0; 0; 0; 0; 0; 0; 0; 0,0015; 0,0062; 0,017; 0,036; 0,17; 0,6; 0,87; 0,96; 0,99; 1; 1; 1; 1; 1; 
2004; 8; 0; 0; 0; 0; 0; 0; 0; 0; 0; 0; 0; 0; 0; 0; 0; 0; 0; 0; 0; 0; 0; 0; 0; 0; 0; 0; 0; 0; 0; 0; 0; 0; 0,0036; 0,011; 0,024; 0,053; 0,27; 0,45; 0,76; 0,9; 0,97; 1; 1; 1; 1; 1; 
2004; 9; 0; 0; 0; 0; 0; 0; 0; 0; 0; 0; 0; 0; 0; 0; 0; 0; 0; 0; 0; 0; 0; 0; 0; 0; 0; 0; 0; 0,0026; 0,0095; 0,022; 0,067; 0,32; 0,6; 0,81; 0,9; 0,97; 0,99; 1; 1; 1; 1; 1; 1; 1; 1; 1; 
2004; 10; 0; 0; 0; 0; 0; 0; 0; 0; 0; 0; 0; 0; 0; 0; 0; 0; 0; 0; 0; 0; 0; 0; 0; 0; 0,00041; 0,0056; 0,028; 0,19; 0,71; 0,88; 0,94; 0,97; 0,99; 1; 1; 1; 1; 1; 1; 1; 1; 1; 1; 1; 1; 1; 
2004; 11; 0; 0; 0; 0; 0; 0; 0; 0; 0; 0; 0; 0; 0; 0; 0; 0; 0; 0; 0; 0,00096; 0,02; 0,09; 0,23; 0,58; 0,86; 0,93; 0,97; 1; 1; 1; 1; 1; 1; 1; 1; 1; 1; 1; 1; 1; 1; 1; 1; 1; 1; 1; 
2004; 12; 0; 0; 0; 0; 0; 0; 0; 0; 0; 0; 0; 0; 0; 0; 0; 0; 0; 0,0037; 0,014; 0,11; 0,47; 0,82; 0,92; 0,98; 1; 1; 1; 1; 1; 1; 1; 1; 1; 1; 1; 1; 1; 1; 1; 1; 1; 1; 1; 1; 1; 1; 
2005; 1; 0; 0; 0; 0; 0; 0; 0; 0; 0; 0; 0; 0; 0; 0; 0,0038; 0,012; 0,024; 0,036; 0,078; 0,25; 0,65; 0,88; 0,95; 0,99; 1; 1; 1; 1; 1; 1; 1; 1; 1; 1; 1; 1; 1; 1; 1; 1; 1; 1; 1; 1; 1; 1; 
2005; 2; 0; 0; 0; 0; 0; 0; 0; 0; 0; 0; 0; 0,00027; 0,031; 0,14; 0,35; 0,75; 0,85; 0,91; 0,95; 0,97; 0,99; 1; 1; 1; 1; 1; 1; 1; 1; 1; 1; 1; 1; 1; 1; 1; 1; 1; 1; 1; 1; 1; 1; 1; 1; 1; 
2005; 3; 0; 0; 0; 0; 0; 0; 0; 0; 0; 0; 0; 0; 0; 0; 0,0023; 0,067; 0,17; 0,48; 0,78; 0,89; 0,94; 0,98; 1; 1; 1; 1; 1; 1; 1; 1; 1; 1; 1; 1; 1; 1; 1; 1; 1; 1; 1; 1; 1; 1; 1; 1; 
2005; 4; 0; 0; 0; 0; 0; 0; 0; 0; 0; 0; 0; 0; 0; 0; 0; 0; 0; 0; 0; 0; 0; 0; 0,0011; 0,0059; 0,015; 0,03; 0,22; 0,68; 0,97; 1; 1; 1; 1; 1; 1; 1; 1; 1; 1; 1; 1; 1; 1; 1; 1; 1; 
2005; 5; 0; 0; 0; 0; 0; 0; 0; 0; 0; 0; 0; 0; 0; 0; 0; 0; 0; 0; 0; 0; 0; 0; 0; 0; 0; 0; 0; 0,0019; 0,0075; 0,02; 0,032; 0,15; 0,29; 0,52; 0,88; 0,96; 1; 1; 1; 1; 1; 1; 1; 1; 1; 1; 
2005; 6; 0; 0; 0; 0; 0; 0; 0; 0; 0; 0; 0; 0; 0; 0; 0; 0; 0; 0; 0; 0; 0; 0; 0; 0; 0; 0; 0; 0; 0; 0,0018; 0,0064; 0,018; 0,028; 0,12; 0,25; 0,6; 0,85; 0,96; 1; 1; 1; 1; 1; 1; 1; 1; 
2005; 7; 0; 0; 0; 0; 0; 0; 0; 0; 0; 0; 0; 0; 0; 0; 0; 0; 0; 0; 0; 0; 0; 0; 0; 0; 0; 0; 0; 0; 0; 0; 0; 0; 0,00027; 0,0038; 0,012; 0,025; 0,056; 0,34; 0,7; 0,86; 0,95; 0,99; 1; 1; 1; 1; 
2005; 8; 0; 0; 0; 0; 0; 0; 0; 0; 0; 0; 0; 0; 0; 0; 0; 0; 0; 0; 0; 0; 0; 0; 0; 0; 0; 0; 0; 0; 0; 0; 0; 0; 0,00014; 0,004; 0,012; 0,046; 0,27; 0,5; 0,7; 0,83; 0,93; 0,97; 1; 1; 1; 1; 
2005; 9; 0; 0; 0; 0; 0; 0; 0; 0; 0; 0; 0; 0; 0; 0; 0; 0; 0; 0; 0; 0; 0; 0; 0; 0; 0; 0; 0; 0; 0; 0,0043; 0,02; 0,26; 0,46; 0,66; 0,78; 0,88; 0,94; 0,98; 1; 1; 1; 1; 1; 1; 1; 1; 
2005; 10; 0; 0; 0; 0; 0; 0; 0; 0; 0; 0; 0; 0; 0; 0; 0; 0; 0; 0; 0; 0; 0; 0; 0; 0; 0,0025; 0,025; 0,21; 0,59; 0,8; 0,91; 0,97; 0,99; 1; 1; 1; 1; 1; 1; 1; 1; 1; 1; 1; 1; 1; 1; 
2005; 11; 0; 0; 0; 0; 0; 0; 0; 0; 0; 0; 0; 0; 0; 0; 0; 0; 0; 0; 0,0012; 0,007; 0,017; 0,11; 0,5; 0,78; 0,9; 0,96; 0,99; 1; 1; 1; 1; 1; 1; 1; 1; 1; 1; 1; 1; 1; 1; 1; 1; 1; 1; 1; 
2005; 12; 0; 0; 0; 0; 0; 0; 0; 0; 0; 0; 0; 0; 0; 0; 0; 0,00082; 0,0037; 0,013; 0,037; 0,33; 0,76; 0,88; 0,95; 0,99; 1; 1; 1; 1; 1; 1; 1; 1; 1; 1; 1; 1; 1; 1; 1; 1; 1; 1; 1; 1; 1; 1; 
2006; 1; 0; 0; 0; 0; 0; 0; 0; 0,00014; 0,025; 0,071; 0,13; 0,37; 0,82; 0,91; 0,94; 0,98; 1; 1; 1; 1; 1; 1; 1; 1; 1; 1; 1; 1; 1; 1; 1; 1; 1; 1; 1; 1; 1; 1; 1; 1; 1; 1; 1; 1; 1; 1; 
2006; 2; 0; 0; 0; 0; 0; 0; 0; 0; 0,0014; 0,038; 0,11; 0,18; 0,26; 0,47; 0,7; 0,84; 0,92; 0,95; 0,99; 1; 1; 1; 1; 1; 1; 1; 1; 1; 1; 1; 1; 1; 1; 1; 1; 1; 1; 1; 1; 1; 1; 1; 1; 1; 1; 1; 
2006; 3; 0; 0; 0; 0; 0; 0; 0; 0; 0; 0; 0; 0; 0; 0; 0; 0; 0,0095; 0,094; 0,26; 0,47; 0,68; 0,8; 0,9; 0,97; 0,99; 1; 1; 1; 1; 1; 1; 1; 1; 1; 1; 1; 1; 1; 1; 1; 1; 1; 1; 1; 1; 1; 
2006; 4; 0; 0; 0; 0; 0; 0; 0; 0; 0; 0; 0; 0; 0; 0; 0; 0; 0; 0; 0; 0; 0; 0; 0; 0,00041; 0,0038; 0,016; 0,15; 0,64; 0,92; 0,98; 1; 1; 1; 1; 1; 1; 1; 1; 1; 1; 1; 1; 1; 1; 1; 1; 
2006; 5; 0; 0; 0; 0; 0; 0; 0; 0; 0; 0; 0; 0; 0; 0; 0; 0; 0; 0; 0; 0; 0; 0; 0; 0; 0; 0; 0,00014; 0,0025; 0,0084; 0,02; 0,12; 0,41; 0,71; 0,91; 0,98; 1; 1; 1; 1; 1; 1; 1; 1; 1; 1; 1; 
2006; 6; 0; 0; 0; 0; 0; 0; 0; 0; 0; 0; 0; 0; 0; 0; 0; 0; 0; 0; 0; 0; 0; 0; 0; 0; 0; 0; 0; 0; 0; 0; 0,00069; 0,0049; 0,019; 0,029; 0,15; 0,32; 0,49; 0,66; 0,87; 0,98; 1; 1; 1; 1; 1; 1; 
2006; 7; 0; 0; 0; 0; 0; 0; 0; 0; 0; 0; 0; 0; 0; 0; 0; 0; 0; 0; 0; 0; 0; 0; 0; 0; 0; 0; 0; 0; 0; 0; 0; 0; 0,00014; 0,0037; 0,014; 0,03; 0,18; 0,6; 0,87; 0,95; 0,98; 1; 1; 1; 1; 1; 
2006; 8; 0; 0; 0; 0; 0; 0; 0; 0; 0; 0; 0; 0; 0; 0; 0; 0; 0; 0; 0; 0; 0; 0; 0; 0; 0; 0; 0; 0; 0; 0; 0; 0; 0,0016; 0,0071; 0,018; 0,03; 0,14; 0,39; 0,57; 0,73; 0,86; 0,95; 0,99; 1; 1; 1; 
2006; 9; 0; 0; 0; 0; 0; 0; 0; 0; 0; 0; 0; 0; 0; 0; 0; 0; 0; 0; 0; 0; 0; 0; 0; 0; 0; 0; 0; 0; 0,00041; 0,0037; 0,013; 0,043; 0,39; 0,63; 0,81; 0,92; 0,98; 1; 1; 1; 1; 1; 1; 1; 1; 1; 
2006; 10; 0; 0; 0; 0; 0; 0; 0; 0; 0; 0; 0; 0; 0; 0; 0; 0; 0; 0; 0; 0; 0; 0; 0; 0; 0,00069; 0,0067; 0,018; 0,13; 0,49; 0,76; 0,9; 0,97; 0,99; 1; 1; 1; 1; 1; 1; 1; 1; 1; 1; 1; 1; 1; 
2006; 11; 0; 0; 0; 0; 0; 0; 0; 0; 0; 0; 0; 0; 0; 0; 0; 0; 0; 0; 0; 0; 0; 0,0021; 0,07; 0,4; 0,81; 0,94; 0,98; 1; 1; 1; 1; 1; 1; 1; 1; 1; 1; 1; 1; 1; 1; 1; 1; 1; 1; 1; 
2006; 12; 0; 0; 0; 0; 0; 0; 0; 0; 0; 0; 0; 0; 0; 0; 0; 0; 0; 0; 0,00014; 0,0032; 0,022; 0,15; 0,66; 0,95; 0,99; 1; 1; 1; 1; 1; 1; 1; 1; 1; 1; 1; 1; 1; 1; 1; 1; 1; 1; 1; 1; 1; 
2007; 1; 0; 0; 0; 0; 0; 0; 0; 0; 0; 0; 0; 0; 0; 0; 0; 0; 0; 0; 0,00082; 0,0034; 0,024; 0,25; 0,74; 0,91; 0,98; 1; 1; 1; 1; 1; 1; 1; 1; 1; 1; 1; 1; 1; 1; 1; 1; 1; 1; 1; 1; 1; 
2007; 2; 0; 0; 0; 0; 0; 0; 0; 0; 0; 0; 0,0041; 0,019; 0,051; 0,096; 0,17; 0,29; 0,46; 0,62; 0,76; 0,87; 0,95; 0,97; 0,99; 1; 1; 1; 1; 1; 1; 1; 1; 1; 1; 1; 1; 1; 1; 1; 1; 1; 1; 1; 1; 1; 1; 1; 
2007; 3; 0; 0; 0; 0; 0; 0; 0; 0; 0; 0; 0; 0; 0; 0; 0; 0; 0; 0; 0; 0; 0,00069; 0,0078; 0,095; 0,36; 0,75; 0,97; 1; 1; 1; 1; 1; 1; 1; 1; 1; 1; 1; 1; 1; 1; 1; 1; 1; 1; 1; 1; 
2007; 4; 0; 0; 0; 0; 0; 0; 0; 0; 0; 0; 0; 0; 0; 0; 0; 0; 0; 0; 0; 0; 0; 0; 0,0014; 0,0082; 0,041; 0,33; 0,81; 0,94; 0,97; 0,99; 1; 1; 1; 1; 1; 1; 1; 1; 1; 1; 1; 1; 1; 1; 1; 1; 
2007; 5; 0; 0; 0; 0; 0; 0; 0; 0; 0; 0; 0; 0; 0; 0; 0; 0; 0; 0; 0; 0; 0; 0; 0; 0; 0; 0; 0; 0; 0; 0,0023; 0,0089; 0,023; 0,071; 0,29; 0,74; 0,95; 0,99; 1; 1; 1; 1; 1; 1; 1; 1; 1; 
2007; 6; 0; 0; 0; 0; 0; 0; 0; 0; 0; 0; 0; 0; 0; 0; 0; 0; 0; 0; 0; 0; 0; 0; 0; 0; 0; 0; 0; 0; 0; 0; 0; 0,00055; 0,0051; 0,016; 0,029; 0,1; 0,31; 0,54; 0,74; 0,89; 0,96; 0,99; 1; 1; 1; 1; 
2007; 7; 0; 0; 0; 0; 0; 0; 0; 0; 0; 0; 0; 0; 0; 0; 0; 0; 0; 0; 0; 0; 0; 0; 0; 0; 0; 0; 0; 0; 0; 0; 0; 0; 0; 0,0025; 0,0095; 0,022; 0,042; 0,27; 0,48; 0,67; 0,8; 0,91; 0,97; 1; 1; 1; 
2007; 8; 0; 0; 0; 0; 0; 0; 0; 0; 0; 0; 0; 0; 0; 0; 0; 0; 0; 0; 0; 0; 0; 0; 0; 0; 0; 0; 0; 0; 0; 0; 0; 0; 0; 0,0018; 0,0086; 0,022; 0,046; 0,2; 0,4; 0,58; 0,71; 0,82; 0,93; 0,99; 1; 1; 
2007; 9; 0; 0; 0; 0; 0; 0; 0; 0; 0; 0; 0; 0; 0; 0; 0; 0; 0; 0; 0; 0; 0; 0; 0; 0; 0; 0; 0; 0,0033; 0,012; 0,026; 0,047; 0,21; 0,44; 0,63; 0,76; 0,87; 0,96; 0,99; 1; 1; 1; 1; 1; 1; 1; 1; 
2007; 10; 0; 0; 0; 0; 0; 0; 0; 0; 0; 0; 0; 0; 0; 0; 0; 0; 0; 0; 0; 0; 0; 0; 0; 0; 0,0033; 0,015; 0,032; 0,28; 0,56; 0,75; 0,86; 0,93; 0,98; 0,99; 1; 1; 1; 1; 1; 1; 1; 1; 1; 1; 1; 1; 
2007; 11; 0; 0; 0; 0; 0; 0; 0; 0; 0; 0; 0; 0; 0; 0; 0; 0; 0; 0,0011; 0,0055; 0,062; 0,33; 0,8; 0,89; 0,94; 0,97; 0,99; 1; 1; 1; 1; 1; 1; 1; 1; 1; 1; 1; 1; 1; 1; 1; 1; 1; 1; 1; 1; 
2007; 12; 0; 0; 0; 0; 0; 0; 0; 0; 0; 0; 0; 0; 0; 0; 0; 0,0011; 0,0088; 0,031; 0,12; 0,32; 0,7; 0,88; 0,98; 1; 1; 1; 1; 1; 1; 1; 1; 1; 1; 1; 1; 1; 1; 1; 1; 1; 1; 1; 1; 1; 1; 1; 
2008; 1; 0; 0; 0; 0; 0; 0; 0; 0; 0; 0; 0; 0,0037; 0,055; 0,12; 0,25; 0,36; 0,47; 0,61; 0,84; 0,95; 0,98; 1; 1; 1; 1; 1; 1; 1; 1; 1; 1; 1; 1; 1; 1; 1; 1; 1; 1; 1; 1; 1; 1; 1; 1; 1; 
2008; 2; 0; 0; 0; 0; 0; 0; 0; 0; 0; 0; 0; 0; 0; 0; 0; 0; 0,00014; 0,061; 0,16; 0,47; 0,75; 0,96; 0,99; 1; 1; 1; 1; 1; 1; 1; 1; 1; 1; 1; 1; 1; 1; 1; 1; 1; 1; 1; 1; 1; 1; 1; 
2008; 3; 0; 0; 0; 0; 0; 0; 0; 0; 0; 0; 0; 0; 0; 0; 0; 0; 0; 0; 0; 0,0011; 0,0052; 0,015; 0,028; 0,34; 0,74; 0,92; 0,98; 1; 1; 1; 1; 1; 1; 1; 1; 1; 1; 1; 1; 1; 1; 1; 1; 1; 1; 1; 
2008; 4; 0; 0; 0; 0; 0; 0; 0; 0; 0; 0; 0; 0; 0; 0; 0; 0; 0; 0; 0; 0; 0; 0; 0; 0,00014; 0,0036; 0,011; 0,024; 0,052; 0,27; 0,65; 0,96; 1; 1; 1; 1; 1; 1; 1; 1; 1; 1; 1; 1; 1; 1; 1; 
2008; 5; 0; 0; 0; 0; 0; 0; 0; 0; 0; 0; 0; 0; 0; 0; 0; 0; 0; 0; 0; 0; 0; 0; 0; 0; 0; 0; 0; 0,00082; 0,0047; 0,017; 0,061; 0,57; 0,92; 0,97; 0,99; 1; 1; 1; 1; 1; 1; 1; 1; 1; 1; 1; 
2008; 6; 0; 0; 0; 0; 0; 0; 0; 0; 0; 0; 0; 0; 0; 0; 0; 0; 0; 0; 0; 0; 0; 0; 0; 0; 0; 0; 0; 0; 0; 0; 0; 0,0011; 0,0059; 0,021; 0,25; 0,47; 0,75; 0,91; 0,97; 0,99; 1; 1; 1; 1; 1; 1; 
2008; 7; 0; 0; 0; 0; 0; 0; 0; 0; 0; 0; 0; 0; 0; 0; 0; 0; 0; 0; 0; 0; 0; 0; 0; 0; 0; 0; 0; 0; 0; 0; 0; 0; 0,0033; 0,012; 0,025; 0,044; 0,2; 0,35; 0,58; 0,78; 0,91; 0,98; 1; 1; 1; 1; 
2008; 8; 0; 0; 0; 0; 0; 0; 0; 0; 0; 0; 0; 0; 0; 0; 0; 0; 0; 0; 0; 0; 0; 0; 0; 0; 0; 0; 0; 0; 0; 0; 0; 0; 0,00041; 0,0063; 0,02; 0,035; 0,22; 0,49; 0,72; 0,84; 0,93; 0,98; 1; 1; 1; 1; 
2008; 9; 0; 0; 0; 0; 0; 0; 0; 0; 0; 0; 0; 0; 0; 0; 0; 0; 0; 0; 0; 0; 0; 0; 0; 0; 0; 0; 0; 0,0011; 0,0056; 0,015; 0,027; 0,18; 0,65; 0,83; 0,93; 0,99; 1; 1; 1; 1; 1; 1; 1; 1; 1; 1; 
2008; 10; 0; 0; 0; 0; 0; 0; 0; 0; 0; 0; 0; 0; 0; 0; 0; 0; 0; 0; 0; 0; 0; 0; 0; 0; 0; 0,0019; 0,0099; 0,022; 0,23; 0,79; 0,91; 0,97; 0,99; 1; 1; 1; 1; 1; 1; 1; 1; 1; 1; 1; 1; 1; 
2008; 11; 0; 0; 0; 0; 0; 0; 0; 0; 0; 0; 0; 0; 0; 0; 0; 0; 0; 0; 0; 0; 0; 0,018; 0,17; 0,54; 0,86; 0,93; 0,97; 0,99; 1; 1; 1; 1; 1; 1; 1; 1; 1; 1; 1; 1; 1; 1; 1; 1; 1; 1; 
2008; 12; 0; 0; 0; 0; 0; 0; 0; 0; 0; 0; 0; 0; 0; 0; 0; 0; 0; 0,05; 0,16; 0,35; 0,57; 0,88; 0,95; 0,98; 1; 1; 1; 1; 1; 1; 1; 1; 1; 1; 1; 1; 1; 1; 1; 1; 1; 1; 1; 1; 1; 1; 
2009; 1; 0; 0; 0; 0; 0; 0; 0; 0; 0; 0; 0; 0; 0; 0; 0,03; 0,19; 0,5; 0,85; 0,92; 0,96; 0,99; 1; 1; 1; 1; 1; 1; 1; 1; 1; 1; 1; 1; 1; 1; 1; 1; 1; 1; 1; 1; 1; 1; 1; 1; 1; 
2009; 2; 0; 0; 0; 0; 0; 0; 0; 0; 0; 0; 0; 0; 0; 0; 0; 0,00069; 0,004; 0,059; 0,21; 0,57; 0,76; 0,87; 0,95; 0,99; 1; 1; 1; 1; 1; 1; 1; 1; 1; 1; 1; 1; 1; 1; 1; 1; 1; 1; 1; 1; 1; 1; 
2009; 3; 0; 0; 0; 0; 0; 0; 0; 0; 0; 0; 0; 0; 0; 0; 0; 0; 0; 0; 0,0019; 0,0073; 0,042; 0,28; 0,79; 0,94; 0,98; 1; 1; 1; 1; 1; 1; 1; 1; 1; 1; 1; 1; 1; 1; 1; 1; 1; 1; 1; 1; 1; 
2009; 4; 0; 0; 0; 0; 0; 0; 0; 0; 0; 0; 0; 0; 0; 0; 0; 0; 0; 0; 0; 0; 0; 0; 0,00027; 0,036; 0,073; 0,26; 0,75; 0,93; 0,96; 0,98; 1; 1; 1; 1; 1; 1; 1; 1; 1; 1; 1; 1; 1; 1; 1; 1; 
2009; 5; 0; 0; 0; 0; 0; 0; 0; 0; 0; 0; 0; 0; 0; 0; 0; 0; 0; 0; 0; 0; 0; 0; 0; 0; 0; 0; 0; 0,0032; 0,016; 0,033; 0,19; 0,41; 0,8; 0,94; 0,97; 0,99; 1; 1; 1; 1; 1; 1; 1; 1; 1; 1; 
2009; 6; 0; 0; 0; 0; 0; 0; 0; 0; 0; 0; 0; 0; 0; 0; 0; 0; 0; 0; 0; 0; 0; 0; 0; 0; 0; 0; 0; 0; 0; 0; 0,00014; 0,0037; 0,012; 0,025; 0,054; 0,15; 0,29; 0,54; 0,87; 0,96; 0,99; 1; 1; 1; 1; 1; 
2009; 7; 0; 0; 0; 0; 0; 0; 0; 0; 0; 0; 0; 0; 0; 0; 0; 0; 0; 0; 0; 0; 0; 0; 0; 0; 0; 0; 0; 0; 0; 0; 0; 0; 0,00014; 0,0037; 0,012; 0,026; 0,044; 0,23; 0,4; 0,59; 0,76; 0,91; 0,98; 1; 1; 1; 
2009; 8; 0; 0; 0; 0; 0; 0; 0; 0; 0; 0; 0; 0; 0; 0; 0; 0; 0; 0; 0; 0; 0; 0; 0; 0; 0; 0; 0; 0; 0; 0; 0; 0; 0,0011; 0,011; 0,18; 0,46; 0,72; 0,87; 0,95; 0,98; 1; 1; 1; 1; 1; 1; 
2009; 9; 0; 0; 0; 0; 0; 0; 0; 0; 0; 0; 0; 0; 0; 0; 0; 0; 0; 0; 0; 0; 0; 0; 0; 0; 0; 0; 0; 0; 0; 0,0043; 0,019; 0,058; 0,27; 0,44; 0,71; 0,92; 0,98; 0,99; 1; 1; 1; 1; 1; 1; 1; 1; 
2009; 10; 0; 0; 0; 0; 0; 0; 0; 0; 0; 0; 0; 0; 0; 0; 0; 0; 0; 0; 0; 0; 0; 0; 0; 0; 0,0011; 0,0064; 0,052; 0,32; 0,61; 0,76; 0,85; 0,92; 0,97; 0,99; 1; 1; 1; 1; 1; 1; 1; 1; 1; 1; 1; 1; 
2009; 11; 0; 0; 0; 0; 0; 0; 0; 0; 0; 0; 0; 0; 0; 0; 0; 0; 0; 0; 0; 0; 0; 0; 0,00082; 0,006; 0,11; 0,67; 0,88; 0,97; 0,99; 1; 1; 1; 1; 1; 1; 1; 1; 1; 1; 1; 1; 1; 1; 1; 1; 1; 
2009; 12; 0; 0; 0; 0; 0; 0; 0; 0; 0; 0; 0; 0; 0; 0; 0; 0,024; 0,14; 0,3; 0,66; 0,79; 0,87; 0,93; 0,96; 0,98; 0,99; 1; 1; 1; 1; 1; 1; 1; 1; 1; 1; 1; 1; 1; 1; 1; 1; 1; 1; 1; 1; 1; 
2010; 1; 0; 0; 0; 0; 0; 0; 0,0034; 0,017; 0,054; 0,12; 0,23; 0,39; 0,55; 0,68; 0,78; 0,85; 0,9; 0,95; 0,97; 0,98; 0,99; 1; 1; 1; 1; 1; 1; 1; 1; 1; 1; 1; 1; 1; 1; 1; 1; 1; 1; 1; 1; 1; 1; 1; 1; 1; 
2010; 2; 0; 0; 0; 0; 0; 0; 0; 0; 0; 0; 0; 0; 0; 0; 0; 0,032; 0,25; 0,58; 0,79; 0,89; 0,95; 0,98; 0,99; 1; 1; 1; 1; 1; 1; 1; 1; 1; 1; 1; 1; 1; 1; 1; 1; 1; 1; 1; 1; 1; 1; 1; 
2010; 3; 0; 0; 0; 0; 0; 0; 0; 0; 0; 0; 0; 0; 0; 0; 0; 0; 0; 0,012; 0,082; 0,36; 0,64; 0,83; 0,95; 0,97; 1; 1; 1; 1; 1; 1; 1; 1; 1; 1; 1; 1; 1; 1; 1; 1; 1; 1; 1; 1; 1; 1; 
2010; 4; 0; 0; 0; 0; 0; 0; 0; 0; 0; 0; 0; 0; 0; 0; 0; 0; 0; 0; 0; 0; 0; 0; 0; 0,0011; 0,0055; 0,017; 0,071; 0,62; 0,95; 0,98; 1; 1; 1; 1; 1; 1; 1; 1; 1; 1; 1; 1; 1; 1; 1; 1; 
2010; 5; 0; 0; 0; 0; 0; 0; 0; 0; 0; 0; 0; 0; 0; 0; 0; 0; 0; 0; 0; 0; 0; 0; 0; 0; 0; 0; 0; 0; 0; 0,0021; 0,0074; 0,021; 0,034; 0,12; 0,72; 0,96; 0,99; 1; 1; 1; 1; 1; 1; 1; 1; 1; 
2010; 6; 0; 0; 0; 0; 0; 0; 0; 0; 0; 0; 0; 0; 0; 0; 0; 0; 0; 0; 0; 0; 0; 0; 0; 0; 0; 0; 0; 0; 0; 0; 0; 0; 0,0016; 0,0063; 0,02; 0,032; 0,12; 0,28; 0,44; 0,81; 0,96; 1; 1; 1; 1; 1; 
2010; 7; 0; 0; 0; 0; 0; 0; 0; 0; 0; 0; 0; 0; 0; 0; 0; 0; 0; 0; 0; 0; 0; 0; 0; 0; 0; 0; 0; 0; 0; 0; 0; 0; 0; 0; 0,0037; 0,012; 0,025; 0,035; 0,067; 0,18; 0,34; 0,5; 0,9; 0,98; 1; 1; 
2010; 8; 0; 0; 0; 0; 0; 0; 0; 0; 0; 0; 0; 0; 0; 0; 0; 0; 0; 0; 0; 0; 0; 0; 0; 0; 0; 0; 0; 0; 0; 0; 0; 0; 0; 0; 0,0027; 0,013; 0,028; 0,055; 0,16; 0,31; 0,49; 0,77; 0,93; 0,97; 0,99; 1; 
2010; 9; 0; 0; 0; 0; 0; 0; 0; 0; 0; 0; 0; 0; 0; 0; 0; 0; 0; 0; 0; 0; 0; 0; 0; 0; 0; 0; 0; 0; 0,0022; 0,0097; 0,023; 0,25; 0,49; 0,73; 0,85; 0,93; 0,97; 0,99; 1; 1; 1; 1; 1; 1; 1; 1; 
2010; 10; 0; 0; 0; 0; 0; 0; 0; 0; 0; 0; 0; 0; 0; 0; 0; 0; 0; 0; 0; 0; 0; 0,0019; 0,0099; 0,026; 0,33; 0,71; 0,84; 0,92; 0,97; 0,99; 1; 1; 1; 1; 1; 1; 1; 1; 1; 1; 1; 1; 1; 1; 1; 1; 
2010; 11; 0; 0; 0; 0; 0; 0; 0; 0; 0; 0; 0; 0; 0; 0; 0; 0; 0; 0; 0; 0; 0; 0; 0; 0,00055; 0,0041; 0,015; 0,21; 0,47; 0,8; 0,9; 0,96; 0,98; 1; 1; 1; 1; 1; 1; 1; 1; 1; 1; 1; 1; 1; 1; 
2010; 12; 0; 0; 0; 0; 0; 0; 0; 0; 0; 0; 0; 0; 0; 0; 0,029; 0,24; 0,44; 0,56; 0,65; 0,74; 0,84; 0,92; 0,96; 0,98; 0,99; 1; 1; 1; 1; 1; 1; 1; 1; 1; 1; 1; 1; 1; 1; 1; 1; 1; 1; 1; 1; 1; 
